in_id_m_id,in_id,m_id
1_1,1,1
2_1,2,1
3_1,3,1
4_1,4,1
5_1,5,1
6_1,6,1
7_1,7,1
8_1,8,1
9_1,9,1
10_1,10,1
11_1,11,1
12_1,12,1
13_1,13,1
14_1,14,1
15_1,15,1
16_1,16,1
17_1,17,1
18_1,18,1
19_1,19,1
20_1,20,1
21_1,21,1
22_2,22,2
23_2,23,2
24_2,24,2
25_2,25,2
26_2,26,2
27_2,27,2
28_2,28,2
29_2,29,2
30_2,30,2
31_2,31,2
32_2,32,2
33_3,33,3
34_3,34,3
35_4,35,4
36_4,36,4
37_4,37,4
38_5,38,5
39_6,39,6
40_6,40,6
41_6,41,6
42_6,42,6
43_6,43,6
44_6,44,6
45_6,45,6
46_6,46,6
47_6,47,6
48_6,48,6
49_6,49,6
50_7,50,7
51_7,51,7
52_7,52,7
53_7,53,7
54_7,54,7
55_7,55,7
56_7,56,7
57_7,57,7
58_7,58,7
59_7,59,7
60_7,60,7
61_7,61,7
62_7,62,7
63_7,63,7
64_7,64,7
65_7,65,7
66_7,66,7
67_7,67,7
68_7,68,7
69_7,69,7
70_7,70,7
71_8,71,8
72_8,72,8
73_8,73,8
74_8,74,8
75_8,75,8
76_8,76,8
77_8,77,8
78_8,78,8
79_8,79,8
80_8,80,8
81_8,81,8
82_8,82,8
83_8,83,8
84_8,84,8
85_9,85,9
86_9,86,9
87_10,87,10
88_10,88,10
89_10,89,10
90_10,90,10
91_10,91,10
92_10,92,10
93_10,93,10
94_10,94,10
95_10,95,10
96_10,96,10
97_10,97,10
98_11,98,11
99_11,99,11
100_11,100,11
101_11,101,11
102_11,102,11
103_11,103,11
104_11,104,11
105_11,105,11
106_11,106,11
107_11,107,11
108_11,108,11
109_11,109,11
110_12,110,12
111_12,111,12
112_13,112,13
113_13,113,13
114_13,114,13
115_13,115,13
116_13,116,13
117_13,117,13
118_13,118,13
119_13,119,13
120_13,120,13
121_13,121,13
122_14,122,14
123_14,123,14
124_14,124,14
125_14,125,14
126_14,126,14
127_14,127,14
128_14,128,14
129_14,129,14
130_14,130,14
131_14,131,14
132_14,132,14
133_14,133,14
134_14,134,14
135_14,135,14
136_14,136,14
137_14,137,14
138_14,138,14
139_14,139,14
140_14,140,14
141_15,141,15
142_15,142,15
143_15,143,15
144_15,144,15
145_15,145,15
146_15,146,15
147_15,147,15
148_15,148,15
149_16,149,16
150_16,150,16
151_16,151,16
152_16,152,16
153_16,153,16
154_16,154,16
155_16,155,16
156_16,156,16
157_16,157,16
158_16,158,16
159_16,159,16
160_16,160,16
161_16,161,16
162_16,162,16
163_16,163,16
164_16,164,16
165_16,165,16
166_16,166,16
167_17,167,17
168_17,168,17
169_17,169,17
170_17,170,17
171_17,171,17
172_17,172,17
173_17,173,17
174_17,174,17
175_17,175,17
176_17,176,17
177_17,177,17
178_17,178,17
179_18,179,18
180_18,180,18
181_18,181,18
182_18,182,18
183_18,183,18
184_18,184,18
185_18,185,18
186_18,186,18
187_18,187,18
188_19,188,19
189_19,189,19
190_19,190,19
191_19,191,19
192_19,192,19
193_19,193,19
194_20,194,20
195_20,195,20
196_20,196,20
197_20,197,20
198_20,198,20
199_20,199,20
200_20,200,20
201_20,201,20
202_21,202,21
203_21,203,21
204_22,204,22
205_22,205,22
206_23,206,23
207_23,207,23
208_23,208,23
209_23,209,23
210_23,210,23
211_24,211,24
212_24,212,24
213_24,213,24
214_24,214,24
215_24,215,24
216_25,216,25
217_25,217,25
218_25,218,25
219_25,219,25
220_25,220,25
221_25,221,25
222_25,222,25
223_25,223,25
224_25,224,25
225_25,225,25
226_25,226,25
227_25,227,25
228_25,228,25
229_26,229,26
230_26,230,26
231_26,231,26
232_26,232,26
233_26,233,26
234_26,234,26
235_26,235,26
236_27,236,27
237_27,237,27
238_27,238,27
239_27,239,27
240_27,240,27
241_27,241,27
242_27,242,27
243_27,243,27
244_27,244,27
245_27,245,27
246_27,246,27
247_27,247,27
248_28,248,28
249_28,249,28
250_28,250,28
251_28,251,28
252_28,252,28
253_28,253,28
254_28,254,28
255_28,255,28
256_28,256,28
257_28,257,28
258_28,258,28
259_28,259,28
260_28,260,28
261_28,261,28
262_28,262,28
263_28,263,28
264_28,264,28
265_28,265,28
266_28,266,28
267_28,267,28
268_28,268,28
269_28,269,28
270_28,270,28
271_28,271,28
272_28,272,28
273_28,273,28
274_28,274,28
275_28,275,28
276_28,276,28
277_28,277,28
278_28,278,28
279_28,279,28
280_28,280,28
281_28,281,28
282_28,282,28
283_28,283,28
284_28,284,28
285_28,285,28
286_28,286,28
287_29,287,29
288_29,288,29
289_29,289,29
290_29,290,29
291_29,291,29
292_29,292,29
293_29,293,29
294_29,294,29
295_29,295,29
296_29,296,29
297_29,297,29
298_29,298,29
299_29,299,29
300_29,300,29
301_29,301,29
302_30,302,30
303_30,303,30
304_30,304,30
305_30,305,30
306_30,306,30
307_31,307,31
308_31,308,31
309_31,309,31
310_31,310,31
311_31,311,31
312_31,312,31
313_31,313,31
314_31,314,31
315_31,315,31
316_31,316,31
317_31,317,31
318_31,318,31
319_31,319,31
320_31,320,31
321_31,321,31
322_31,322,31
323_31,323,31
324_31,324,31
325_31,325,31
326_32,326,32
327_32,327,32
328_32,328,32
329_32,329,32
330_32,330,32
331_32,331,32
332_32,332,32
333_32,333,32
334_32,334,32
335_32,335,32
336_32,336,32
337_32,337,32
338_32,338,32
339_32,339,32
340_32,340,32
341_32,341,32
342_32,342,32
343_32,343,32
344_32,344,32
345_32,345,32
346_32,346,32
347_32,347,32
348_32,348,32
349_32,349,32
350_32,350,32
351_32,351,32
352_32,352,32
353_32,353,32
354_32,354,32
355_32,355,32
356_32,356,32
357_32,357,32
358_32,358,32
359_32,359,32
360_32,360,32
361_32,361,32
362_33,362,33
363_33,363,33
364_33,364,33
365_33,365,33
366_33,366,33
367_33,367,33
368_33,368,33
369_34,369,34
370_34,370,34
371_34,371,34
372_34,372,34
373_34,373,34
374_34,374,34
375_35,375,35
376_35,376,35
377_35,377,35
378_35,378,35
379_35,379,35
380_35,380,35
381_35,381,35
382_35,382,35
383_35,383,35
384_35,384,35
385_35,385,35
386_35,386,35
387_35,387,35
388_35,388,35
389_35,389,35
390_35,390,35
391_35,391,35
392_35,392,35
393_36,393,36
394_36,394,36
395_36,395,36
396_36,396,36
397_36,397,36
398_36,398,36
399_36,399,36
400_37,400,37
401_37,401,37
402_37,402,37
403_37,403,37
404_37,404,37
405_37,405,37
406_37,406,37
407_38,407,38
408_38,408,38
409_38,409,38
410_38,410,38
411_38,411,38
412_38,412,38
413_38,413,38
414_38,414,38
415_38,415,38
416_38,416,38
417_38,417,38
418_38,418,38
419_38,419,38
420_38,420,38
421_38,421,38
422_38,422,38
423_38,423,38
424_38,424,38
425_38,425,38
426_38,426,38
427_38,427,38
428_38,428,38
429_38,429,38
430_38,430,38
431_38,431,38
432_38,432,38
433_39,433,39
434_40,434,40
435_40,435,40
436_40,436,40
437_40,437,40
438_40,438,40
439_40,439,40
440_40,440,40
441_41,441,41
442_41,442,41
443_41,443,41
444_41,444,41
445_41,445,41
446_41,446,41
447_41,447,41
448_42,448,42
449_42,449,42
450_43,450,43
451_43,451,43
452_43,452,43
453_44,453,44
454_44,454,44
455_44,455,44
456_44,456,44
457_44,457,44
458_44,458,44
459_45,459,45
460_45,460,45
461_45,461,45
462_45,462,45
463_45,463,45
464_45,464,45
465_45,465,45
466_45,466,45
467_45,467,45
468_45,468,45
469_45,469,45
470_45,470,45
471_45,471,45
472_45,472,45
473_45,473,45
474_46,474,46
475_46,475,46
476_46,476,46
477_46,477,46
478_46,478,46
479_46,479,46
480_46,480,46
481_46,481,46
482_46,482,46
483_46,483,46
484_46,484,46
485_46,485,46
486_46,486,46
487_46,487,46
488_46,488,46
489_46,489,46
490_46,490,46
491_46,491,46
492_46,492,46
493_47,493,47
494_47,494,47
495_47,495,47
496_47,496,47
497_47,497,47
498_47,498,47
499_47,499,47
500_47,500,47
501_47,501,47
502_48,502,48
503_48,503,48
504_48,504,48
505_48,505,48
506_48,506,48
507_48,507,48
508_48,508,48
509_48,509,48
510_48,510,48
511_49,511,49
512_49,512,49
513_49,513,49
514_50,514,50
515_50,515,50
516_50,516,50
517_50,517,50
518_50,518,50
519_50,519,50
520_50,520,50
521_50,521,50
522_50,522,50
523_50,523,50
524_50,524,50
525_50,525,50
526_50,526,50
527_50,527,50
528_50,528,50
529_50,529,50
530_50,530,50
531_50,531,50
532_50,532,50
533_50,533,50
534_51,534,51
535_51,535,51
536_52,536,52
537_52,537,52
538_52,538,52
539_53,539,53
540_53,540,53
541_54,541,54
542_54,542,54
543_54,543,54
544_54,544,54
545_54,545,54
546_54,546,54
547_54,547,54
548_54,548,54
549_54,549,54
550_54,550,54
551_54,551,54
552_54,552,54
553_54,553,54
554_54,554,54
555_54,555,54
556_54,556,54
557_55,557,55
558_55,558,55
559_55,559,55
560_55,560,55
561_55,561,55
562_55,562,55
563_55,563,55
564_55,564,55
565_55,565,55
566_55,566,55
567_55,567,55
568_55,568,55
569_55,569,55
570_55,570,55
571_55,571,55
572_56,572,56
573_56,573,56
574_56,574,56
575_56,575,56
576_56,576,56
577_56,577,56
578_56,578,56
579_57,579,57
580_57,580,57
581_57,581,57
582_57,582,57
583_58,583,58
584_58,584,58
585_58,585,58
586_58,586,58
587_58,587,58
588_58,588,58
589_58,589,58
590_58,590,58
591_58,591,58
592_58,592,58
593_58,593,58
594_58,594,58
595_58,595,58
596_58,596,58
597_58,597,58
598_58,598,58
599_58,599,58
600_58,600,58
601_58,601,58
602_58,602,58
603_58,603,58
604_59,604,59
605_59,605,59
606_59,606,59
607_59,607,59
608_59,608,59
609_59,609,59
610_59,610,59
611_59,611,59
612_60,612,60
613_60,613,60
614_60,614,60
615_60,615,60
616_60,616,60
617_60,617,60
618_60,618,60
619_60,619,60
620_60,620,60
621_60,621,60
622_60,622,60
623_60,623,60
624_60,624,60
625_60,625,60
626_60,626,60
627_60,627,60
628_61,628,61
629_61,629,61
630_61,630,61
631_61,631,61
632_61,632,61
633_61,633,61
634_62,634,62
635_62,635,62
636_62,636,62
637_62,637,62
638_62,638,62
639_62,639,62
640_62,640,62
641_62,641,62
642_63,642,63
643_63,643,63
644_63,644,63
645_63,645,63
646_64,646,64
647_64,647,64
648_64,648,64
649_64,649,64
650_65,650,65
651_65,651,65
652_65,652,65
653_65,653,65
654_65,654,65
655_65,655,65
656_65,656,65
657_65,657,65
658_65,658,65
659_65,659,65
660_65,660,65
661_66,661,66
662_66,662,66
663_66,663,66
664_66,664,66
665_66,665,66
666_66,666,66
667_66,667,66
668_66,668,66
669_66,669,66
670_66,670,66
671_66,671,66
672_66,672,66
673_66,673,66
674_66,674,66
675_66,675,66
676_66,676,66
677_66,677,66
678_66,678,66
679_66,679,66
680_66,680,66
681_66,681,66
682_67,682,67
683_67,683,67
684_67,684,67
685_67,685,67
686_67,686,67
687_68,687,68
688_68,688,68
689_68,689,68
690_68,690,68
691_68,691,68
692_68,692,68
693_68,693,68
694_68,694,68
695_68,695,68
696_68,696,68
697_68,697,68
698_68,698,68
699_68,699,68
700_68,700,68
701_68,701,68
702_68,702,68
703_68,703,68
704_68,704,68
705_69,705,69
706_69,706,69
707_69,707,69
708_69,708,69
709_69,709,69
710_69,710,69
711_69,711,69
712_69,712,69
713_69,713,69
714_69,714,69
715_69,715,69
716_69,716,69
717_70,717,70
718_70,718,70
719_70,719,70
720_70,720,70
721_70,721,70
722_70,722,70
723_70,723,70
724_70,724,70
725_70,725,70
726_70,726,70
727_70,727,70
728_70,728,70
729_71,729,71
730_71,730,71
731_71,731,71
732_72,732,72
733_72,733,72
734_72,734,72
735_72,735,72
736_72,736,72
737_72,737,72
738_72,738,72
739_72,739,72
740_72,740,72
741_72,741,72
742_72,742,72
743_72,743,72
744_72,744,72
745_72,745,72
746_72,746,72
747_72,747,72
748_72,748,72
749_73,749,73
750_73,750,73
751_73,751,73
752_73,752,73
753_73,753,73
754_73,754,73
755_74,755,74
756_74,756,74
757_74,757,74
758_74,758,74
759_74,759,74
760_74,760,74
761_74,761,74
762_74,762,74
763_74,763,74
764_74,764,74
765_74,765,74
766_74,766,74
767_74,767,74
768_74,768,74
769_74,769,74
770_74,770,74
771_74,771,74
772_74,772,74
773_74,773,74
774_74,774,74
775_74,775,74
776_74,776,74
777_74,777,74
778_74,778,74
779_74,779,74
780_74,780,74
781_74,781,74
782_74,782,74
783_74,783,74
784_74,784,74
785_74,785,74
786_74,786,74
787_74,787,74
788_74,788,74
789_74,789,74
790_74,790,74
791_75,791,75
792_75,792,75
793_75,793,75
794_76,794,76
795_76,795,76
796_76,796,76
797_76,797,76
798_76,798,76
799_76,799,76
800_76,800,76
801_76,801,76
802_76,802,76
803_76,803,76
804_76,804,76
805_77,805,77
806_77,806,77
807_77,807,77
808_77,808,77
809_77,809,77
810_77,810,77
811_77,811,77
812_77,812,77
813_77,813,77
814_77,814,77
815_77,815,77
816_77,816,77
817_77,817,77
818_77,818,77
819_78,819,78
820_78,820,78
821_78,821,78
822_78,822,78
823_78,823,78
824_78,824,78
825_78,825,78
826_78,826,78
827_79,827,79
828_79,828,79
829_79,829,79
830_80,830,80
831_80,831,80
832_80,832,80
833_80,833,80
834_80,834,80
835_80,835,80
836_80,836,80
837_80,837,80
838_80,838,80
839_80,839,80
840_80,840,80
841_80,841,80
842_80,842,80
843_80,843,80
844_80,844,80
845_80,845,80
846_81,846,81
847_81,847,81
848_81,848,81
849_81,849,81
850_81,850,81
851_81,851,81
852_81,852,81
853_81,853,81
854_81,854,81
855_81,855,81
856_82,856,82
857_82,857,82
858_82,858,82
859_82,859,82
860_83,860,83
861_83,861,83
862_83,862,83
863_83,863,83
864_83,864,83
865_83,865,83
866_83,866,83
867_83,867,83
868_83,868,83
869_83,869,83
870_83,870,83
871_83,871,83
872_83,872,83
873_83,873,83
874_83,874,83
875_83,875,83
876_83,876,83
877_83,877,83
878_84,878,84
879_84,879,84
880_84,880,84
881_84,881,84
882_84,882,84
883_84,883,84
884_84,884,84
885_84,885,84
886_84,886,84
887_85,887,85
888_85,888,85
889_85,889,85
890_85,890,85
891_85,891,85
892_85,892,85
893_85,893,85
894_85,894,85
895_85,895,85
896_85,896,85
897_85,897,85
898_85,898,85
899_85,899,85
900_85,900,85
901_85,901,85
902_86,902,86
903_86,903,86
904_86,904,86
905_86,905,86
906_87,906,87
907_87,907,87
908_87,908,87
909_87,909,87
910_87,910,87
911_87,911,87
912_87,912,87
913_87,913,87
914_87,914,87
915_88,915,88
916_88,916,88
917_88,917,88
918_88,918,88
919_88,919,88
920_88,920,88
921_88,921,88
922_88,922,88
923_89,923,89
924_89,924,89
925_89,925,89
926_89,926,89
927_89,927,89
928_89,928,89
929_89,929,89
930_90,930,90
931_90,931,90
932_90,932,90
933_90,933,90
934_90,934,90
935_90,935,90
936_90,936,90
937_90,937,90
938_90,938,90
939_90,939,90
940_90,940,90
941_90,941,90
942_90,942,90
943_90,943,90
944_90,944,90
945_90,945,90
946_90,946,90
947_90,947,90
948_90,948,90
949_90,949,90
950_90,950,90
951_90,951,90
952_90,952,90
953_90,953,90
954_91,954,91
955_91,955,91
956_91,956,91
957_91,957,91
958_91,958,91
959_91,959,91
960_91,960,91
961_91,961,91
962_91,962,91
963_91,963,91
964_91,964,91
965_91,965,91
966_91,966,91
967_91,967,91
968_92,968,92
969_92,969,92
970_92,970,92
971_92,971,92
972_92,972,92
973_92,973,92
974_92,974,92
975_92,975,92
976_92,976,92
977_92,977,92
978_92,978,92
979_92,979,92
980_93,980,93
981_93,981,93
982_93,982,93
983_93,983,93
984_93,984,93
985_93,985,93
986_93,986,93
987_93,987,93
988_93,988,93
989_93,989,93
990_93,990,93
991_93,991,93
992_93,992,93
993_93,993,93
994_93,994,93
995_93,995,93
996_93,996,93
997_93,997,93
998_93,998,93
999_93,999,93
1000_93,1000,93
1001_93,1001,93
1002_94,1002,94
1003_94,1003,94
1004_94,1004,94
1005_94,1005,94
1006_94,1006,94
1007_94,1007,94
1008_94,1008,94
1009_94,1009,94
1010_94,1010,94
1011_94,1011,94
1012_95,1012,95
1013_95,1013,95
1014_95,1014,95
1015_95,1015,95
1016_95,1016,95
1017_95,1017,95
1018_95,1018,95
1019_95,1019,95
1020_95,1020,95
1021_96,1021,96
1022_96,1022,96
1023_96,1023,96
1024_96,1024,96
1025_96,1025,96
1026_96,1026,96
1027_96,1027,96
1028_96,1028,96
1029_96,1029,96
1030_96,1030,96
1031_96,1031,96
1032_96,1032,96
1033_97,1033,97
1034_97,1034,97
1035_97,1035,97
1036_97,1036,97
1037_97,1037,97
1038_97,1038,97
1039_97,1039,97
1040_97,1040,97
1041_97,1041,97
1042_97,1042,97
1043_97,1043,97
1044_97,1044,97
1045_97,1045,97
1046_97,1046,97
1047_97,1047,97
1048_97,1048,97
1049_97,1049,97
1050_97,1050,97
1051_97,1051,97
1052_97,1052,97
1053_97,1053,97
1054_97,1054,97
1055_97,1055,97
1056_97,1056,97
1057_97,1057,97
1058_97,1058,97
1059_97,1059,97
1060_97,1060,97
1061_97,1061,97
1062_97,1062,97
1063_97,1063,97
1064_97,1064,97
1065_97,1065,97
1066_97,1066,97
1067_97,1067,97
1068_97,1068,97
1069_97,1069,97
1070_97,1070,97
1071_97,1071,97
1072_97,1072,97
1073_97,1073,97
1074_97,1074,97
1075_97,1075,97
1076_97,1076,97
1077_97,1077,97
1078_97,1078,97
1079_97,1079,97
1080_97,1080,97
1081_97,1081,97
1082_97,1082,97
1083_97,1083,97
1084_97,1084,97
1085_97,1085,97
1086_97,1086,97
1087_97,1087,97
1088_97,1088,97
1089_97,1089,97
1090_97,1090,97
1091_97,1091,97
1092_97,1092,97
1093_98,1093,98
1094_98,1094,98
1095_98,1095,98
1096_98,1096,98
1097_98,1097,98
1098_98,1098,98
1099_98,1099,98
1100_98,1100,98
1101_98,1101,98
1102_98,1102,98
1103_98,1103,98
1104_98,1104,98
1105_98,1105,98
1106_98,1106,98
1107_98,1107,98
1108_98,1108,98
1109_98,1109,98
1110_98,1110,98
1111_98,1111,98
1112_99,1112,99
1113_99,1113,99
1114_99,1114,99
1115_99,1115,99
1116_99,1116,99
1117_99,1117,99
1118_99,1118,99
1119_99,1119,99
1120_100,1120,100
1121_100,1121,100
1122_100,1122,100
1123_100,1123,100
1124_100,1124,100
1125_100,1125,100
1126_100,1126,100
1127_100,1127,100
1128_100,1128,100
1129_100,1129,100
1130_101,1130,101
1131_101,1131,101
1132_101,1132,101
1133_101,1133,101
1134_101,1134,101
1135_101,1135,101
1136_101,1136,101
1137_101,1137,101
1138_101,1138,101
1139_101,1139,101
1140_102,1140,102
1141_102,1141,102
1142_102,1142,102
1143_102,1143,102
1144_102,1144,102
1145_102,1145,102
1146_102,1146,102
1147_102,1147,102
1148_102,1148,102
1149_102,1149,102
1150_102,1150,102
1151_102,1151,102
1152_102,1152,102
1153_102,1153,102
1154_102,1154,102
1155_102,1155,102
1156_102,1156,102
1157_102,1157,102
1158_103,1158,103
1159_103,1159,103
1160_103,1160,103
1161_103,1161,103
1162_103,1162,103
1163_103,1163,103
1164_103,1164,103
1165_103,1165,103
1166_103,1166,103
1167_103,1167,103
1168_103,1168,103
1169_103,1169,103
1170_103,1170,103
1171_104,1171,104
1172_104,1172,104
1173_104,1173,104
1174_104,1174,104
1175_104,1175,104
1176_104,1176,104
1177_104,1177,104
1178_104,1178,104
1179_104,1179,104
1180_104,1180,104
1181_104,1181,104
1182_104,1182,104
1183_104,1183,104
1184_104,1184,104
1185_104,1185,104
1186_104,1186,104
1187_104,1187,104
1188_104,1188,104
1189_104,1189,104
1190_104,1190,104
1191_104,1191,104
1192_105,1192,105
1193_105,1193,105
1194_105,1194,105
1195_105,1195,105
1196_105,1196,105
1197_105,1197,105
1198_105,1198,105
1199_105,1199,105
1200_105,1200,105
1201_106,1201,106
1202_106,1202,106
1203_106,1203,106
1204_106,1204,106
1205_106,1205,106
1206_106,1206,106
1207_106,1207,106
1208_106,1208,106
1209_106,1209,106
1210_106,1210,106
1211_106,1211,106
1212_106,1212,106
1213_107,1213,107
1214_107,1214,107
1215_107,1215,107
1216_107,1216,107
1217_107,1217,107
1218_107,1218,107
1219_108,1219,108
1220_108,1220,108
1221_109,1221,109
1222_109,1222,109
1223_109,1223,109
1224_109,1224,109
1225_109,1225,109
1226_109,1226,109
1227_111,1227,111
1228_111,1228,111
1229_111,1229,111
1230_111,1230,111
1231_111,1231,111
1232_111,1232,111
1233_111,1233,111
1234_111,1234,111
1235_111,1235,111
1236_111,1236,111
1237_111,1237,111
1238_112,1238,112
1239_112,1239,112
1240_113,1240,113
1241_113,1241,113
1242_113,1242,113
1243_113,1243,113
1244_113,1244,113
1245_113,1245,113
1246_113,1246,113
1247_113,1247,113
1248_113,1248,113
1249_113,1249,113
1250_113,1250,113
1251_113,1251,113
1252_113,1252,113
1253_113,1253,113
1254_113,1254,113
1255_114,1255,114
1256_114,1256,114
1257_114,1257,114
1258_114,1258,114
1259_114,1259,114
1260_114,1260,114
1261_114,1261,114
1262_115,1262,115
1263_115,1263,115
1264_115,1264,115
1265_115,1265,115
1266_115,1266,115
1267_115,1267,115
1268_115,1268,115
1269_115,1269,115
1270_115,1270,115
1271_116,1271,116
1272_116,1272,116
1273_116,1273,116
1274_116,1274,116
1275_116,1275,116
1276_116,1276,116
1277_117,1277,117
1278_117,1278,117
1279_117,1279,117
1280_117,1280,117
1281_117,1281,117
1282_117,1282,117
1283_117,1283,117
1284_117,1284,117
1285_117,1285,117
1286_117,1286,117
1287_117,1287,117
1288_117,1288,117
1289_117,1289,117
1290_117,1290,117
1291_117,1291,117
1292_117,1292,117
1293_117,1293,117
1294_117,1294,117
1295_117,1295,117
1296_117,1296,117
1297_117,1297,117
1298_117,1298,117
1299_117,1299,117
1300_117,1300,117
1301_117,1301,117
1302_117,1302,117
1303_117,1303,117
1304_117,1304,117
1305_117,1305,117
1306_117,1306,117
1307_117,1307,117
1308_117,1308,117
1309_117,1309,117
1310_117,1310,117
1311_118,1311,118
1312_118,1312,118
1313_118,1313,118
1314_118,1314,118
1315_118,1315,118
1316_118,1316,118
1317_119,1317,119
1318_119,1318,119
1319_119,1319,119
1320_119,1320,119
1321_119,1321,119
1322_119,1322,119
1323_119,1323,119
1324_119,1324,119
1325_119,1325,119
1326_119,1326,119
1327_119,1327,119
1328_119,1328,119
1329_119,1329,119
1330_119,1330,119
1331_119,1331,119
1332_120,1332,120
1333_120,1333,120
1334_120,1334,120
1335_120,1335,120
1336_120,1336,120
1337_120,1337,120
1338_120,1338,120
1339_120,1339,120
1340_120,1340,120
1341_120,1341,120
1342_120,1342,120
1343_121,1343,121
1344_121,1344,121
1345_121,1345,121
1346_121,1346,121
1347_121,1347,121
1348_121,1348,121
1349_121,1349,121
1350_121,1350,121
1351_121,1351,121
1352_121,1352,121
1353_121,1353,121
1354_121,1354,121
1355_121,1355,121
1356_121,1356,121
1357_121,1357,121
1358_121,1358,121
1359_121,1359,121
1360_121,1360,121
1361_122,1361,122
1362_122,1362,122
1363_122,1363,122
1364_122,1364,122
1365_122,1365,122
1366_122,1366,122
1367_122,1367,122
1368_122,1368,122
1369_123,1369,123
1370_123,1370,123
1371_124,1371,124
1372_124,1372,124
1373_124,1373,124
1374_124,1374,124
1375_124,1375,124
1376_124,1376,124
1377_124,1377,124
1378_124,1378,124
1379_124,1379,124
1380_124,1380,124
1381_124,1381,124
1382_124,1382,124
1383_124,1383,124
1384_124,1384,124
1385_124,1385,124
1386_124,1386,124
1387_124,1387,124
1388_125,1388,125
1389_125,1389,125
1390_125,1390,125
1391_125,1391,125
1392_125,1392,125
1393_125,1393,125
1394_125,1394,125
1395_125,1395,125
1396_125,1396,125
1397_125,1397,125
1398_125,1398,125
1399_125,1399,125
1400_125,1400,125
1401_125,1401,125
1402_126,1402,126
1403_126,1403,126
1404_126,1404,126
1405_126,1405,126
1406_126,1406,126
1407_126,1407,126
1408_126,1408,126
1409_126,1409,126
1410_126,1410,126
1411_126,1411,126
1412_127,1412,127
1413_127,1413,127
1414_127,1414,127
1415_127,1415,127
1416_127,1416,127
1417_127,1417,127
1418_127,1418,127
1419_128,1419,128
1420_128,1420,128
1421_128,1421,128
1422_128,1422,128
1423_128,1423,128
1424_128,1424,128
1425_128,1425,128
1426_128,1426,128
1427_128,1427,128
1428_128,1428,128
1429_128,1429,128
1430_128,1430,128
1431_128,1431,128
1432_128,1432,128
1433_128,1433,128
1434_128,1434,128
1435_128,1435,128
1436_128,1436,128
1437_129,1437,129
1438_129,1438,129
1439_130,1439,130
1440_130,1440,130
1441_130,1441,130
1442_130,1442,130
1443_130,1443,130
1444_130,1444,130
1445_130,1445,130
1446_130,1446,130
1447_130,1447,130
1448_130,1448,130
1449_130,1449,130
1450_131,1450,131
1451_131,1451,131
1452_131,1452,131
1453_131,1453,131
1454_131,1454,131
1455_131,1455,131
1456_131,1456,131
1457_131,1457,131
1458_131,1458,131
1459_131,1459,131
1460_132,1460,132
1461_132,1461,132
1462_132,1462,132
1463_132,1463,132
1464_132,1464,132
1465_132,1465,132
1466_132,1466,132
1467_132,1467,132
1468_132,1468,132
1469_132,1469,132
1470_133,1470,133
1471_133,1471,133
1472_133,1472,133
1473_133,1473,133
1474_133,1474,133
1475_133,1475,133
1476_133,1476,133
1477_133,1477,133
1478_133,1478,133
1479_133,1479,133
1480_133,1480,133
1481_133,1481,133
1482_133,1482,133
1483_133,1483,133
1484_133,1484,133
1485_133,1485,133
1486_133,1486,133
1487_133,1487,133
1488_134,1488,134
1489_134,1489,134
1490_134,1490,134
1491_134,1491,134
1492_134,1492,134
1493_134,1493,134
1494_134,1494,134
1495_134,1495,134
1496_134,1496,134
1497_134,1497,134
1498_134,1498,134
1499_135,1499,135
1500_135,1500,135
1501_135,1501,135
1502_135,1502,135
1503_135,1503,135
1504_135,1504,135
1505_135,1505,135
1506_135,1506,135
1507_135,1507,135
1508_135,1508,135
1509_135,1509,135
1510_135,1510,135
1511_135,1511,135
1512_135,1512,135
1513_135,1513,135
1514_135,1514,135
1515_135,1515,135
1516_136,1516,136
1517_136,1517,136
1518_136,1518,136
1519_136,1519,136
1520_136,1520,136
1521_136,1521,136
1522_136,1522,136
1523_136,1523,136
1524_136,1524,136
1525_136,1525,136
1526_136,1526,136
1527_136,1527,136
1528_136,1528,136
1529_136,1529,136
1530_136,1530,136
1531_136,1531,136
1532_136,1532,136
1533_136,1533,136
1534_136,1534,136
1535_136,1535,136
1536_136,1536,136
1537_136,1537,136
1538_136,1538,136
1539_136,1539,136
1540_136,1540,136
1541_136,1541,136
1542_136,1542,136
1543_136,1543,136
1544_136,1544,136
1545_136,1545,136
1546_136,1546,136
1547_136,1547,136
1548_136,1548,136
1549_136,1549,136
1550_136,1550,136
1551_136,1551,136
1552_136,1552,136
1553_136,1553,136
1554_136,1554,136
1555_136,1555,136
1556_136,1556,136
1557_136,1557,136
1558_136,1558,136
1559_136,1559,136
1560_136,1560,136
1561_136,1561,136
1562_136,1562,136
1563_136,1563,136
1564_137,1564,137
1565_137,1565,137
1566_137,1566,137
1567_137,1567,137
1568_137,1568,137
1569_137,1569,137
1570_137,1570,137
1571_137,1571,137
1572_137,1572,137
1573_138,1573,138
1574_138,1574,138
1575_138,1575,138
1576_138,1576,138
1577_138,1577,138
1578_138,1578,138
1579_138,1579,138
1580_138,1580,138
1581_139,1581,139
1582_139,1582,139
1583_139,1583,139
1584_139,1584,139
1585_139,1585,139
1586_139,1586,139
1587_139,1587,139
1588_139,1588,139
1589_139,1589,139
1590_140,1590,140
1591_140,1591,140
1592_140,1592,140
1593_140,1593,140
1594_140,1594,140
1595_140,1595,140
1596_140,1596,140
1597_140,1597,140
1598_140,1598,140
1599_141,1599,141
1600_141,1600,141
1601_141,1601,141
1602_141,1602,141
1603_141,1603,141
1604_141,1604,141
1605_142,1605,142
1606_142,1606,142
1607_142,1607,142
1608_142,1608,142
1609_142,1609,142
1610_142,1610,142
1611_143,1611,143
1612_143,1612,143
1613_143,1613,143
1614_143,1614,143
1615_143,1615,143
1616_143,1616,143
1617_143,1617,143
1618_143,1618,143
1619_143,1619,143
1620_143,1620,143
1621_143,1621,143
1622_143,1622,143
1623_143,1623,143
1624_143,1624,143
1625_143,1625,143
1626_143,1626,143
1627_144,1627,144
1628_144,1628,144
1629_144,1629,144
1630_145,1630,145
1631_145,1631,145
1632_145,1632,145
1633_145,1633,145
1634_145,1634,145
1635_145,1635,145
1636_145,1636,145
1637_145,1637,145
1638_145,1638,145
1639_145,1639,145
1640_145,1640,145
1641_145,1641,145
1642_145,1642,145
1643_145,1643,145
1644_145,1644,145
1645_145,1645,145
1646_145,1646,145
1647_145,1647,145
1648_145,1648,145
1649_145,1649,145
1650_145,1650,145
1651_145,1651,145
1652_145,1652,145
1653_145,1653,145
1654_145,1654,145
1655_145,1655,145
1656_145,1656,145
1657_145,1657,145
1658_145,1658,145
1659_145,1659,145
1660_145,1660,145
1661_145,1661,145
1662_145,1662,145
1663_145,1663,145
1664_145,1664,145
1665_145,1665,145
1666_145,1666,145
1667_145,1667,145
1668_145,1668,145
1669_145,1669,145
1670_145,1670,145
1671_145,1671,145
1672_146,1672,146
1673_146,1673,146
1674_146,1674,146
1675_146,1675,146
1676_146,1676,146
1677_146,1677,146
1678_146,1678,146
1679_146,1679,146
1680_146,1680,146
1681_146,1681,146
1682_146,1682,146
1683_146,1683,146
1684_146,1684,146
1685_146,1685,146
1686_146,1686,146
1687_146,1687,146
1688_146,1688,146
1689_146,1689,146
1690_146,1690,146
1691_146,1691,146
1692_146,1692,146
1693_146,1693,146
1694_146,1694,146
1695_146,1695,146
1696_146,1696,146
1697_146,1697,146
1698_146,1698,146
1699_146,1699,146
1700_146,1700,146
1701_146,1701,146
1702_146,1702,146
1703_146,1703,146
1704_146,1704,146
1705_146,1705,146
1706_146,1706,146
1707_146,1707,146
1708_146,1708,146
1709_146,1709,146
1710_146,1710,146
1711_147,1711,147
1712_147,1712,147
1713_147,1713,147
1714_147,1714,147
1715_147,1715,147
1716_147,1716,147
1717_147,1717,147
1718_147,1718,147
1719_147,1719,147
1720_147,1720,147
1721_147,1721,147
1722_147,1722,147
1723_147,1723,147
1724_147,1724,147
1725_147,1725,147
1726_147,1726,147
1727_147,1727,147
1728_147,1728,147
1729_147,1729,147
1730_147,1730,147
1731_147,1731,147
1732_147,1732,147
1733_147,1733,147
1734_147,1734,147
1735_148,1735,148
1736_148,1736,148
1737_148,1737,148
1738_148,1738,148
1739_148,1739,148
1740_148,1740,148
1741_148,1741,148
1742_148,1742,148
1743_148,1743,148
1744_148,1744,148
1745_148,1745,148
1746_148,1746,148
1747_148,1747,148
1748_148,1748,148
1749_148,1749,148
1750_148,1750,148
1751_148,1751,148
1752_149,1752,149
1753_149,1753,149
1754_149,1754,149
1755_149,1755,149
1756_149,1756,149
1757_149,1757,149
1758_149,1758,149
1759_149,1759,149
1760_149,1760,149
1761_149,1761,149
1762_149,1762,149
1763_150,1763,150
1764_150,1764,150
1765_150,1765,150
1766_150,1766,150
1767_150,1767,150
1768_150,1768,150
1769_150,1769,150
1770_150,1770,150
1771_150,1771,150
1772_150,1772,150
1773_151,1773,151
1774_151,1774,151
1775_151,1775,151
1776_151,1776,151
1777_151,1777,151
1778_151,1778,151
1779_151,1779,151
1780_151,1780,151
1781_151,1781,151
1782_151,1782,151
1783_151,1783,151
1784_151,1784,151
1785_151,1785,151
1786_151,1786,151
1787_151,1787,151
1788_151,1788,151
1789_151,1789,151
1790_151,1790,151
1791_151,1791,151
1792_151,1792,151
1793_151,1793,151
1794_151,1794,151
1795_151,1795,151
1796_151,1796,151
1797_151,1797,151
1798_151,1798,151
1799_151,1799,151
1800_151,1800,151
1801_151,1801,151
1802_151,1802,151
1803_151,1803,151
1804_151,1804,151
1805_151,1805,151
1806_151,1806,151
1807_151,1807,151
1808_151,1808,151
1809_151,1809,151
1810_151,1810,151
1811_151,1811,151
1812_151,1812,151
1813_151,1813,151
1814_151,1814,151
1815_151,1815,151
1816_151,1816,151
1817_151,1817,151
1818_151,1818,151
1819_151,1819,151
1820_151,1820,151
1821_152,1821,152
1822_152,1822,152
1823_152,1823,152
1824_152,1824,152
1825_152,1825,152
1826_152,1826,152
1827_152,1827,152
1828_152,1828,152
1829_152,1829,152
1830_152,1830,152
1831_152,1831,152
1832_153,1832,153
1833_153,1833,153
1834_153,1834,153
1835_153,1835,153
1836_153,1836,153
1837_153,1837,153
1838_153,1838,153
1839_153,1839,153
1840_153,1840,153
1841_153,1841,153
1842_153,1842,153
1843_153,1843,153
1844_153,1844,153
1845_153,1845,153
1846_153,1846,153
1847_154,1847,154
1848_154,1848,154
1849_154,1849,154
1850_154,1850,154
1851_154,1851,154
1852_154,1852,154
1853_154,1853,154
1854_154,1854,154
1855_154,1855,154
1856_154,1856,154
1857_154,1857,154
1858_154,1858,154
1859_154,1859,154
1860_154,1860,154
1861_154,1861,154
1862_154,1862,154
1863_154,1863,154
1864_154,1864,154
1865_154,1865,154
1866_154,1866,154
1867_154,1867,154
1868_154,1868,154
1869_154,1869,154
1870_154,1870,154
1871_154,1871,154
1872_154,1872,154
1873_154,1873,154
1874_154,1874,154
1875_154,1875,154
1876_154,1876,154
1877_154,1877,154
1878_154,1878,154
1879_154,1879,154
1880_154,1880,154
1881_154,1881,154
1882_154,1882,154
1883_154,1883,154
1884_154,1884,154
1885_154,1885,154
1886_154,1886,154
1887_154,1887,154
1888_154,1888,154
1889_154,1889,154
1890_154,1890,154
1891_154,1891,154
1892_154,1892,154
1893_154,1893,154
1894_154,1894,154
1895_154,1895,154
1896_154,1896,154
1897_154,1897,154
1898_154,1898,154
1899_154,1899,154
1900_154,1900,154
1901_154,1901,154
1902_154,1902,154
1903_155,1903,155
1904_156,1904,156
1905_156,1905,156
1906_156,1906,156
1907_156,1907,156
1908_156,1908,156
1909_157,1909,157
1910_157,1910,157
1911_157,1911,157
1912_157,1912,157
1913_157,1913,157
1914_157,1914,157
1915_158,1915,158
1916_158,1916,158
1917_158,1917,158
1918_158,1918,158
1919_158,1919,158
1920_158,1920,158
1921_158,1921,158
1922_158,1922,158
1923_158,1923,158
1924_158,1924,158
1925_158,1925,158
1926_158,1926,158
1927_158,1927,158
1928_158,1928,158
1929_159,1929,159
1930_159,1930,159
1931_159,1931,159
1932_159,1932,159
1933_159,1933,159
1934_159,1934,159
1935_159,1935,159
1936_159,1936,159
1937_159,1937,159
1938_159,1938,159
1939_159,1939,159
1940_159,1940,159
1941_159,1941,159
1942_159,1942,159
1943_159,1943,159
1944_159,1944,159
1945_160,1945,160
1946_160,1946,160
1947_160,1947,160
1948_160,1948,160
1949_160,1949,160
1950_160,1950,160
1951_160,1951,160
1952_160,1952,160
1953_160,1953,160
1954_160,1954,160
1955_161,1955,161
1956_161,1956,161
1957_161,1957,161
1958_161,1958,161
1959_162,1959,162
1960_162,1960,162
1961_162,1961,162
1962_162,1962,162
1963_162,1963,162
1964_162,1964,162
1965_162,1965,162
1966_162,1966,162
1967_162,1967,162
1968_162,1968,162
1969_162,1969,162
1970_162,1970,162
1971_162,1971,162
1972_162,1972,162
1973_162,1973,162
1974_162,1974,162
1975_162,1975,162
1976_162,1976,162
1977_162,1977,162
1978_162,1978,162
1979_162,1979,162
1980_163,1980,163
1981_163,1981,163
1982_163,1982,163
1983_163,1983,163
1984_163,1984,163
1985_163,1985,163
1986_164,1986,164
1987_164,1987,164
1988_164,1988,164
1989_164,1989,164
1990_165,1990,165
1991_165,1991,165
1992_165,1992,165
1993_166,1993,166
1994_167,1994,167
1995_167,1995,167
1996_167,1996,167
1997_167,1997,167
1998_167,1998,167
1999_167,1999,167
2000_167,2000,167
2001_167,2001,167
2002_167,2002,167
2003_167,2003,167
2004_167,2004,167
2005_167,2005,167
2006_167,2006,167
2007_167,2007,167
2008_167,2008,167
2009_167,2009,167
2010_167,2010,167
2011_168,2011,168
2012_168,2012,168
2013_168,2013,168
2014_169,2014,169
2015_169,2015,169
2016_170,2016,170
2017_170,2017,170
2018_170,2018,170
2019_170,2019,170
2020_170,2020,170
2021_170,2021,170
2022_170,2022,170
2023_170,2023,170
2024_171,2024,171
2025_171,2025,171
2026_171,2026,171
2027_171,2027,171
2028_172,2028,172
2029_172,2029,172
2030_172,2030,172
2031_172,2031,172
2032_172,2032,172
2033_172,2033,172
2034_172,2034,172
2035_172,2035,172
2036_172,2036,172
2037_172,2037,172
2038_172,2038,172
2039_172,2039,172
2040_173,2040,173
2041_173,2041,173
2042_173,2042,173
2043_173,2043,173
2044_173,2044,173
2045_173,2045,173
2046_173,2046,173
2047_173,2047,173
2048_173,2048,173
2049_173,2049,173
2050_174,2050,174
2051_174,2051,174
2052_174,2052,174
2053_174,2053,174
2054_174,2054,174
2055_174,2055,174
2056_174,2056,174
2057_175,2057,175
2058_176,2058,176
2059_176,2059,176
2060_176,2060,176
2061_176,2061,176
2062_176,2062,176
2063_176,2063,176
2064_176,2064,176
2065_176,2065,176
2066_176,2066,176
2067_176,2067,176
2068_176,2068,176
2069_177,2069,177
2070_177,2070,177
2071_178,2071,178
2072_178,2072,178
2073_179,2073,179
2074_179,2074,179
2075_179,2075,179
2076_179,2076,179
2077_179,2077,179
2078_179,2078,179
2079_179,2079,179
2080_179,2080,179
2081_179,2081,179
2082_179,2082,179
2083_180,2083,180
2084_180,2084,180
2085_180,2085,180
2086_180,2086,180
2087_181,2087,181
2088_181,2088,181
2089_181,2089,181
2090_181,2090,181
2091_181,2091,181
2092_181,2092,181
2093_181,2093,181
2094_181,2094,181
2095_181,2095,181
2096_182,2096,182
2097_182,2097,182
2098_182,2098,182
2099_182,2099,182
2100_182,2100,182
2101_182,2101,182
2102_182,2102,182
2103_182,2103,182
2104_182,2104,182
2105_182,2105,182
2106_182,2106,182
2107_182,2107,182
2108_182,2108,182
2109_182,2109,182
2110_182,2110,182
2111_183,2111,183
2112_183,2112,183
2113_184,2113,184
2114_185,2114,185
2115_185,2115,185
2116_185,2116,185
2117_185,2117,185
2118_185,2118,185
2119_185,2119,185
2120_185,2120,185
2121_186,2121,186
2122_186,2122,186
2123_186,2123,186
2124_187,2124,187
2125_187,2125,187
2126_187,2126,187
2127_187,2127,187
2128_187,2128,187
2129_187,2129,187
2130_187,2130,187
2131_187,2131,187
2132_187,2132,187
2133_187,2133,187
2134_187,2134,187
2135_187,2135,187
2136_187,2136,187
2137_187,2137,187
2138_187,2138,187
2139_187,2139,187
2140_187,2140,187
2141_187,2141,187
2142_187,2142,187
2143_187,2143,187
2144_187,2144,187
2145_187,2145,187
2146_187,2146,187
2147_187,2147,187
2148_187,2148,187
2149_187,2149,187
2150_187,2150,187
2151_188,2151,188
2152_188,2152,188
2153_188,2153,188
2154_188,2154,188
2155_188,2155,188
2156_188,2156,188
2157_189,2157,189
2158_189,2158,189
2159_189,2159,189
2160_189,2160,189
2161_189,2161,189
2162_189,2162,189
2163_189,2163,189
2164_189,2164,189
2165_189,2165,189
2166_189,2166,189
2167_189,2167,189
2168_189,2168,189
2169_189,2169,189
2170_189,2170,189
2171_189,2171,189
2172_189,2172,189
2173_189,2173,189
2174_189,2174,189
2175_189,2175,189
2176_189,2176,189
2177_189,2177,189
2178_190,2178,190
2179_190,2179,190
2180_190,2180,190
2181_190,2181,190
2182_190,2182,190
2183_190,2183,190
2184_190,2184,190
2185_190,2185,190
2186_190,2186,190
2187_190,2187,190
2188_190,2188,190
2189_190,2189,190
2190_191,2190,191
2191_191,2191,191
2192_191,2192,191
2193_191,2193,191
2194_191,2194,191
2195_191,2195,191
2196_191,2196,191
2197_192,2197,192
2198_192,2198,192
2199_192,2199,192
2200_192,2200,192
2201_192,2201,192
2202_192,2202,192
2203_192,2203,192
2204_192,2204,192
2205_192,2205,192
2206_193,2206,193
2207_193,2207,193
2208_193,2208,193
2209_193,2209,193
2210_193,2210,193
2211_193,2211,193
2212_193,2212,193
2213_193,2213,193
2214_193,2214,193
2215_194,2215,194
2216_194,2216,194
2217_194,2217,194
2218_194,2218,194
2219_194,2219,194
2220_194,2220,194
2221_194,2221,194
2222_195,2222,195
2223_195,2223,195
2224_195,2224,195
2225_195,2225,195
2226_195,2226,195
2227_195,2227,195
2228_195,2228,195
2229_195,2229,195
2230_195,2230,195
2231_195,2231,195
2232_195,2232,195
2233_196,2233,196
2234_197,2234,197
2235_197,2235,197
2236_197,2236,197
2237_197,2237,197
2238_197,2238,197
2239_197,2239,197
2240_197,2240,197
2241_198,2241,198
2242_198,2242,198
2243_198,2243,198
2244_198,2244,198
2245_198,2245,198
2246_198,2246,198
2247_198,2247,198
2248_198,2248,198
2249_198,2249,198
2250_198,2250,198
2251_198,2251,198
2252_198,2252,198
2253_198,2253,198
2254_198,2254,198
2255_198,2255,198
2256_198,2256,198
2257_198,2257,198
2258_198,2258,198
2259_198,2259,198
2260_198,2260,198
2261_198,2261,198
2262_199,2262,199
2263_199,2263,199
2264_199,2264,199
2265_199,2265,199
2266_199,2266,199
2267_200,2267,200
2268_200,2268,200
2269_200,2269,200
2270_200,2270,200
2271_200,2271,200
2272_201,2272,201
2273_201,2273,201
2274_201,2274,201
2275_201,2275,201
2276_201,2276,201
2277_201,2277,201
2278_201,2278,201
2279_201,2279,201
2280_201,2280,201
2281_201,2281,201
2282_201,2282,201
2283_201,2283,201
2284_201,2284,201
2285_201,2285,201
2286_201,2286,201
2287_202,2287,202
2288_202,2288,202
2289_202,2289,202
2290_202,2290,202
2291_202,2291,202
2292_202,2292,202
2293_202,2293,202
2294_202,2294,202
2295_202,2295,202
2296_202,2296,202
2297_202,2297,202
2298_203,2298,203
2299_203,2299,203
2300_203,2300,203
2301_204,2301,204
2302_205,2302,205
2303_205,2303,205
2304_205,2304,205
2305_205,2305,205
2306_205,2306,205
2307_206,2307,206
2308_206,2308,206
2309_206,2309,206
2310_206,2310,206
2311_206,2311,206
2312_206,2312,206
2313_206,2313,206
2314_206,2314,206
2315_206,2315,206
2316_206,2316,206
2317_206,2317,206
2318_206,2318,206
2319_207,2319,207
2320_207,2320,207
2321_207,2321,207
2322_207,2322,207
2323_207,2323,207
2324_207,2324,207
2325_207,2325,207
2326_207,2326,207
2327_207,2327,207
2328_207,2328,207
2329_207,2329,207
2330_207,2330,207
2331_207,2331,207
2332_207,2332,207
2333_207,2333,207
2334_207,2334,207
2335_207,2335,207
2336_207,2336,207
2337_208,2337,208
2338_208,2338,208
2339_208,2339,208
2340_208,2340,208
2341_208,2341,208
2342_209,2342,209
2343_209,2343,209
2344_209,2344,209
2345_209,2345,209
2346_209,2346,209
2347_209,2347,209
2348_210,2348,210
2349_210,2349,210
2350_210,2350,210
2351_210,2351,210
2352_210,2352,210
2353_210,2353,210
2354_210,2354,210
2355_210,2355,210
2356_210,2356,210
2357_210,2357,210
2358_210,2358,210
2359_210,2359,210
2360_210,2360,210
2361_210,2361,210
2362_210,2362,210
2363_210,2363,210
2364_210,2364,210
2365_210,2365,210
2366_210,2366,210
2367_210,2367,210
2368_210,2368,210
2369_210,2369,210
2370_211,2370,211
2371_211,2371,211
2372_211,2372,211
2373_211,2373,211
2374_211,2374,211
2375_211,2375,211
2376_211,2376,211
2377_211,2377,211
2378_211,2378,211
2379_211,2379,211
2380_212,2380,212
2381_212,2381,212
2382_212,2382,212
2383_212,2383,212
2384_212,2384,212
2385_212,2385,212
2386_212,2386,212
2387_213,2387,213
2388_213,2388,213
2389_213,2389,213
2390_213,2390,213
2391_213,2391,213
2392_213,2392,213
2393_213,2393,213
2394_213,2394,213
2395_213,2395,213
2396_213,2396,213
2397_214,2397,214
2398_214,2398,214
2399_214,2399,214
2400_214,2400,214
2401_214,2401,214
2402_214,2402,214
2403_214,2403,214
2404_214,2404,214
2405_214,2405,214
2406_214,2406,214
2407_214,2407,214
2408_214,2408,214
2409_214,2409,214
2410_214,2410,214
2411_214,2411,214
2412_214,2412,214
2413_215,2413,215
2414_215,2414,215
2415_215,2415,215
2416_215,2416,215
2417_215,2417,215
2418_215,2418,215
2419_215,2419,215
2420_215,2420,215
2421_215,2421,215
2422_215,2422,215
2423_215,2423,215
2424_215,2424,215
2425_216,2425,216
2426_216,2426,216
2427_216,2427,216
2428_216,2428,216
2429_216,2429,216
2430_216,2430,216
2431_216,2431,216
2432_216,2432,216
2433_216,2433,216
2434_217,2434,217
2435_217,2435,217
2436_217,2436,217
2437_217,2437,217
2438_217,2438,217
2439_217,2439,217
2440_218,2440,218
2441_218,2441,218
2442_218,2442,218
2443_218,2443,218
2444_218,2444,218
2445_218,2445,218
2446_218,2446,218
2447_218,2447,218
2448_218,2448,218
2449_218,2449,218
2450_218,2450,218
2451_219,2451,219
2452_219,2452,219
2453_219,2453,219
2454_219,2454,219
2455_219,2455,219
2456_220,2456,220
2457_220,2457,220
2458_221,2458,221
2459_221,2459,221
2460_221,2460,221
2461_221,2461,221
2462_221,2462,221
2463_221,2463,221
2464_221,2464,221
2465_221,2465,221
2466_221,2466,221
2467_221,2467,221
2468_221,2468,221
2469_221,2469,221
2470_221,2470,221
2471_221,2471,221
2472_221,2472,221
2473_221,2473,221
2474_221,2474,221
2475_221,2475,221
2476_222,2476,222
2477_223,2477,223
2478_223,2478,223
2479_223,2479,223
2480_223,2480,223
2481_223,2481,223
2482_224,2482,224
2483_224,2483,224
2484_224,2484,224
2485_225,2485,225
2486_225,2486,225
2487_225,2487,225
2488_225,2488,225
2489_225,2489,225
2490_225,2490,225
2491_225,2491,225
2492_225,2492,225
2493_225,2493,225
2494_225,2494,225
2495_225,2495,225
2496_225,2496,225
2497_225,2497,225
2498_225,2498,225
2499_225,2499,225
2500_225,2500,225
2501_225,2501,225
2502_225,2502,225
2503_225,2503,225
2504_225,2504,225
2505_225,2505,225
2506_225,2506,225
2507_225,2507,225
2508_225,2508,225
2509_225,2509,225
2510_225,2510,225
2511_225,2511,225
2512_225,2512,225
2513_225,2513,225
2514_225,2514,225
2515_225,2515,225
2516_225,2516,225
2517_225,2517,225
2518_226,2518,226
2519_226,2519,226
2520_226,2520,226
2521_226,2521,226
2522_226,2522,226
2523_227,2523,227
2524_227,2524,227
2525_227,2525,227
2526_227,2526,227
2527_227,2527,227
2528_227,2528,227
2529_227,2529,227
2530_227,2530,227
2531_227,2531,227
2532_227,2532,227
2533_227,2533,227
2534_227,2534,227
2535_227,2535,227
2536_227,2536,227
2537_228,2537,228
2538_228,2538,228
2539_228,2539,228
2540_228,2540,228
2541_229,2541,229
2542_229,2542,229
2543_229,2543,229
2544_230,2544,230
2545_230,2545,230
2546_230,2546,230
2547_230,2547,230
2548_230,2548,230
2549_230,2549,230
2550_230,2550,230
2551_230,2551,230
2552_230,2552,230
2553_230,2553,230
2554_230,2554,230
2555_230,2555,230
2556_230,2556,230
2557_230,2557,230
2558_230,2558,230
2559_230,2559,230
2560_230,2560,230
2561_230,2561,230
2562_230,2562,230
2563_230,2563,230
2564_231,2564,231
2565_231,2565,231
2566_231,2566,231
2567_231,2567,231
2568_231,2568,231
2569_231,2569,231
2570_231,2570,231
2571_231,2571,231
2572_231,2572,231
2573_231,2573,231
2574_231,2574,231
2575_231,2575,231
2576_231,2576,231
2577_231,2577,231
2578_231,2578,231
2579_231,2579,231
2580_231,2580,231
2581_231,2581,231
2582_231,2582,231
2583_231,2583,231
2584_231,2584,231
2585_231,2585,231
2586_231,2586,231
2587_231,2587,231
2588_231,2588,231
2589_231,2589,231
2590_231,2590,231
2591_231,2591,231
2592_231,2592,231
2593_231,2593,231
2594_231,2594,231
2595_231,2595,231
2596_231,2596,231
2597_231,2597,231
2598_231,2598,231
2599_231,2599,231
2600_231,2600,231
2601_231,2601,231
2602_231,2602,231
2603_231,2603,231
2604_231,2604,231
2605_231,2605,231
2606_232,2606,232
2607_232,2607,232
2608_232,2608,232
2609_232,2609,232
2610_232,2610,232
2611_232,2611,232
2612_233,2612,233
2613_233,2613,233
2614_233,2614,233
2615_233,2615,233
2616_234,2616,234
2617_234,2617,234
2618_234,2618,234
2619_234,2619,234
2620_234,2620,234
2621_234,2621,234
2622_234,2622,234
2623_234,2623,234
2624_234,2624,234
2625_234,2625,234
2626_234,2626,234
2627_234,2627,234
2628_234,2628,234
2629_235,2629,235
2630_235,2630,235
2631_235,2631,235
2632_235,2632,235
2633_235,2633,235
2634_235,2634,235
2635_235,2635,235
2636_235,2636,235
2637_235,2637,235
2638_235,2638,235
2639_236,2639,236
2640_236,2640,236
2641_236,2641,236
2642_236,2642,236
2643_236,2643,236
2644_236,2644,236
2645_236,2645,236
2646_236,2646,236
2647_236,2647,236
2648_236,2648,236
2649_237,2649,237
2650_237,2650,237
2651_237,2651,237
2652_237,2652,237
2653_237,2653,237
2654_237,2654,237
2655_237,2655,237
2656_237,2656,237
2657_237,2657,237
2658_237,2658,237
2659_238,2659,238
2660_238,2660,238
2661_238,2661,238
2662_238,2662,238
2663_238,2663,238
2664_239,2664,239
2665_239,2665,239
2666_239,2666,239
2667_239,2667,239
2668_239,2668,239
2669_239,2669,239
2670_239,2670,239
2671_239,2671,239
2672_239,2672,239
2673_239,2673,239
2674_239,2674,239
2675_240,2675,240
2676_240,2676,240
2677_241,2677,241
2678_241,2678,241
2679_241,2679,241
2680_241,2680,241
2681_241,2681,241
2682_241,2682,241
2683_241,2683,241
2684_241,2684,241
2685_241,2685,241
2686_241,2686,241
2687_241,2687,241
2688_241,2688,241
2689_241,2689,241
2690_241,2690,241
2691_241,2691,241
2692_241,2692,241
2693_241,2693,241
2694_241,2694,241
2695_241,2695,241
2696_241,2696,241
2697_241,2697,241
2698_241,2698,241
2699_241,2699,241
2700_241,2700,241
2701_242,2701,242
2702_242,2702,242
2703_242,2703,242
2704_242,2704,242
2705_242,2705,242
2706_242,2706,242
2707_242,2707,242
2708_242,2708,242
2709_243,2709,243
2710_243,2710,243
2711_243,2711,243
2712_243,2712,243
2713_243,2713,243
2714_243,2714,243
2715_243,2715,243
2716_243,2716,243
2717_243,2717,243
2718_243,2718,243
2719_243,2719,243
2720_244,2720,244
2721_244,2721,244
2722_244,2722,244
2723_244,2723,244
2724_244,2724,244
2725_244,2725,244
2726_245,2726,245
2727_245,2727,245
2728_245,2728,245
2729_245,2729,245
2730_245,2730,245
2731_245,2731,245
2732_245,2732,245
2733_245,2733,245
2734_245,2734,245
2735_245,2735,245
2736_245,2736,245
2737_245,2737,245
2738_245,2738,245
2739_246,2739,246
2740_246,2740,246
2741_246,2741,246
2742_246,2742,246
2743_246,2743,246
2744_246,2744,246
2745_246,2745,246
2746_246,2746,246
2747_246,2747,246
2748_246,2748,246
2749_246,2749,246
2750_246,2750,246
2751_246,2751,246
2752_246,2752,246
2753_246,2753,246
2754_246,2754,246
2755_247,2755,247
2756_247,2756,247
2757_247,2757,247
2758_247,2758,247
2759_247,2759,247
2760_247,2760,247
2761_247,2761,247
2762_248,2762,248
2763_248,2763,248
2764_248,2764,248
2765_248,2765,248
2766_248,2766,248
2767_248,2767,248
2768_248,2768,248
2769_248,2769,248
2770_248,2770,248
2771_248,2771,248
2772_248,2772,248
2773_248,2773,248
2774_248,2774,248
2775_248,2775,248
2776_248,2776,248
2777_249,2777,249
2778_249,2778,249
2779_249,2779,249
2780_249,2780,249
2781_249,2781,249
2782_249,2782,249
2783_249,2783,249
2784_249,2784,249
2785_249,2785,249
2786_249,2786,249
2787_249,2787,249
2788_249,2788,249
2789_249,2789,249
2790_249,2790,249
2791_249,2791,249
2792_250,2792,250
2793_250,2793,250
2794_250,2794,250
2795_250,2795,250
2796_250,2796,250
2797_250,2797,250
2798_250,2798,250
2799_250,2799,250
2800_250,2800,250
2801_250,2801,250
2802_250,2802,250
2803_250,2803,250
2804_250,2804,250
2805_250,2805,250
2806_250,2806,250
2807_250,2807,250
2808_250,2808,250
2809_250,2809,250
2810_251,2810,251
2811_251,2811,251
2812_251,2812,251
2813_251,2813,251
2814_251,2814,251
2815_251,2815,251
2816_251,2816,251
2817_251,2817,251
2818_251,2818,251
2819_251,2819,251
2820_251,2820,251
2821_251,2821,251
2822_251,2822,251
2823_251,2823,251
2824_251,2824,251
2825_251,2825,251
2826_252,2826,252
2827_252,2827,252
2828_252,2828,252
2829_252,2829,252
2830_252,2830,252
2831_252,2831,252
2832_253,2832,253
2833_253,2833,253
2834_253,2834,253
2835_253,2835,253
2836_253,2836,253
2837_253,2837,253
2838_253,2838,253
2839_253,2839,253
2840_253,2840,253
2841_253,2841,253
2842_253,2842,253
2843_254,2843,254
2844_254,2844,254
2845_255,2845,255
2846_255,2846,255
2847_255,2847,255
2848_255,2848,255
2849_255,2849,255
2850_255,2850,255
2851_255,2851,255
2852_255,2852,255
2853_255,2853,255
2854_255,2854,255
2855_255,2855,255
2856_255,2856,255
2857_255,2857,255
2858_255,2858,255
2859_255,2859,255
2860_255,2860,255
2861_255,2861,255
2862_256,2862,256
2863_256,2863,256
2864_256,2864,256
2865_256,2865,256
2866_256,2866,256
2867_256,2867,256
2868_256,2868,256
2869_256,2869,256
2870_256,2870,256
2871_256,2871,256
2872_257,2872,257
2873_257,2873,257
2874_257,2874,257
2875_257,2875,257
2876_257,2876,257
2877_257,2877,257
2878_257,2878,257
2879_257,2879,257
2880_257,2880,257
2881_257,2881,257
2882_257,2882,257
2883_257,2883,257
2884_257,2884,257
2885_257,2885,257
2886_258,2886,258
2887_258,2887,258
2888_258,2888,258
2889_258,2889,258
2890_258,2890,258
2891_258,2891,258
2892_258,2892,258
2893_259,2893,259
2894_259,2894,259
2895_260,2895,260
2896_260,2896,260
2897_260,2897,260
2898_260,2898,260
2899_260,2899,260
2900_260,2900,260
2901_260,2901,260
2902_260,2902,260
2903_260,2903,260
2904_260,2904,260
2905_260,2905,260
2906_260,2906,260
2907_260,2907,260
2908_260,2908,260
2909_260,2909,260
2910_260,2910,260
2911_260,2911,260
2912_260,2912,260
2913_260,2913,260
2914_260,2914,260
2915_260,2915,260
2916_260,2916,260
2917_260,2917,260
2918_260,2918,260
2919_260,2919,260
2920_260,2920,260
2921_260,2921,260
2922_260,2922,260
2923_260,2923,260
2924_260,2924,260
2925_260,2925,260
2926_260,2926,260
2927_260,2927,260
2928_260,2928,260
2929_260,2929,260
2930_260,2930,260
2931_262,2931,262
2932_262,2932,262
2933_262,2933,262
2934_262,2934,262
2935_262,2935,262
2936_262,2936,262
2937_262,2937,262
2938_262,2938,262
2939_262,2939,262
2940_262,2940,262
2941_262,2941,262
2942_262,2942,262
2943_262,2943,262
2944_262,2944,262
2945_262,2945,262
2946_262,2946,262
2947_262,2947,262
2948_262,2948,262
2949_262,2949,262
2950_262,2950,262
2951_262,2951,262
2952_262,2952,262
2953_262,2953,262
2954_262,2954,262
2955_262,2955,262
2956_262,2956,262
2957_262,2957,262
2958_262,2958,262
2959_262,2959,262
2960_262,2960,262
2961_262,2961,262
2962_262,2962,262
2963_262,2963,262
2964_262,2964,262
2965_262,2965,262
2966_262,2966,262
2967_263,2967,263
2968_263,2968,263
2969_263,2969,263
2970_264,2970,264
2971_264,2971,264
2972_265,2972,265
2973_265,2973,265
2974_265,2974,265
2975_265,2975,265
2976_265,2976,265
2977_265,2977,265
2978_265,2978,265
2979_265,2979,265
2980_265,2980,265
2981_265,2981,265
2982_265,2982,265
2983_265,2983,265
2984_265,2984,265
2985_265,2985,265
2986_265,2986,265
2987_265,2987,265
2988_265,2988,265
2989_265,2989,265
2990_265,2990,265
2991_265,2991,265
2992_265,2992,265
2993_265,2993,265
2994_265,2994,265
2995_265,2995,265
2996_265,2996,265
2997_265,2997,265
2998_265,2998,265
2999_265,2999,265
3000_265,3000,265
3001_265,3001,265
3002_265,3002,265
3003_265,3003,265
3004_266,3004,266
3005_266,3005,266
3006_266,3006,266
3007_266,3007,266
3008_267,3008,267
3009_267,3009,267
3010_267,3010,267
3011_267,3011,267
3012_267,3012,267
3013_267,3013,267
3014_267,3014,267
3015_267,3015,267
3016_267,3016,267
3017_267,3017,267
3018_267,3018,267
3019_267,3019,267
3020_267,3020,267
3021_267,3021,267
3022_267,3022,267
3023_267,3023,267
3024_267,3024,267
3025_267,3025,267
3026_267,3026,267
3027_267,3027,267
3028_267,3028,267
3029_268,3029,268
3030_268,3030,268
3031_268,3031,268
3032_269,3032,269
3033_269,3033,269
3034_269,3034,269
3035_269,3035,269
3036_269,3036,269
3037_269,3037,269
3038_269,3038,269
3039_270,3039,270
3040_270,3040,270
3041_270,3041,270
3042_270,3042,270
3043_270,3043,270
3044_270,3044,270
3045_270,3045,270
3046_270,3046,270
3047_270,3047,270
3048_270,3048,270
3049_270,3049,270
3050_270,3050,270
3051_270,3051,270
3052_270,3052,270
3053_270,3053,270
3054_270,3054,270
3055_271,3055,271
3056_271,3056,271
3057_271,3057,271
3058_271,3058,271
3059_271,3059,271
3060_271,3060,271
3061_271,3061,271
3062_271,3062,271
3063_272,3063,272
3064_272,3064,272
3065_272,3065,272
3066_272,3066,272
3067_272,3067,272
3068_272,3068,272
3069_272,3069,272
3070_272,3070,272
3071_273,3071,273
3072_273,3072,273
3073_274,3073,274
3074_274,3074,274
3075_274,3075,274
3076_274,3076,274
3077_274,3077,274
3078_274,3078,274
3079_274,3079,274
3080_274,3080,274
3081_274,3081,274
3082_274,3082,274
3083_274,3083,274
3084_274,3084,274
3085_274,3085,274
3086_274,3086,274
3087_274,3087,274
3088_274,3088,274
3089_274,3089,274
3090_274,3090,274
3091_274,3091,274
3092_274,3092,274
3093_274,3093,274
3094_274,3094,274
3095_274,3095,274
3096_274,3096,274
3097_274,3097,274
3098_274,3098,274
3099_275,3099,275
3100_275,3100,275
3101_275,3101,275
3102_275,3102,275
3103_275,3103,275
3104_275,3104,275
3105_275,3105,275
3106_275,3106,275
3107_275,3107,275
3108_275,3108,275
3109_275,3109,275
3110_276,3110,276
3111_277,3111,277
3112_277,3112,277
3113_277,3113,277
3114_277,3114,277
3115_277,3115,277
3116_277,3116,277
3117_277,3117,277
3118_277,3118,277
3119_277,3119,277
3120_277,3120,277
3121_277,3121,277
3122_277,3122,277
3123_277,3123,277
3124_277,3124,277
3125_277,3125,277
3126_277,3126,277
3127_277,3127,277
3128_277,3128,277
3129_277,3129,277
3130_277,3130,277
3131_277,3131,277
3132_277,3132,277
3133_277,3133,277
3134_277,3134,277
3135_277,3135,277
3136_277,3136,277
3137_278,3137,278
3138_279,3138,279
3139_279,3139,279
3140_279,3140,279
3141_279,3141,279
3142_279,3142,279
3143_279,3143,279
3144_279,3144,279
3145_279,3145,279
3146_279,3146,279
3147_279,3147,279
3148_279,3148,279
3149_279,3149,279
3150_279,3150,279
3151_280,3151,280
3152_280,3152,280
3153_280,3153,280
3154_280,3154,280
3155_280,3155,280
3156_280,3156,280
3157_280,3157,280
3158_280,3158,280
3159_280,3159,280
3160_280,3160,280
3161_280,3161,280
3162_281,3162,281
3163_281,3163,281
3164_281,3164,281
3165_281,3165,281
3166_281,3166,281
3167_282,3167,282
3168_282,3168,282
3169_282,3169,282
3170_282,3170,282
3171_282,3171,282
3172_282,3172,282
3173_283,3173,283
3174_283,3174,283
3175_283,3175,283
3176_283,3176,283
3177_283,3177,283
3178_283,3178,283
3179_283,3179,283
3180_283,3180,283
3181_283,3181,283
3182_284,3182,284
3183_284,3183,284
3184_284,3184,284
3185_284,3185,284
3186_284,3186,284
3187_284,3187,284
3188_284,3188,284
3189_284,3189,284
3190_285,3190,285
3191_285,3191,285
3192_285,3192,285
3193_285,3193,285
3194_286,3194,286
3195_286,3195,286
3196_286,3196,286
3197_286,3197,286
3198_286,3198,286
3199_286,3199,286
3200_286,3200,286
3201_286,3201,286
3202_286,3202,286
3203_286,3203,286
3204_286,3204,286
3205_286,3205,286
3206_286,3206,286
3207_287,3207,287
3208_287,3208,287
3209_288,3209,288
3210_288,3210,288
3211_288,3211,288
3212_288,3212,288
3213_288,3213,288
3214_288,3214,288
3215_288,3215,288
3216_288,3216,288
3217_288,3217,288
3218_288,3218,288
3219_288,3219,288
3220_289,3220,289
3221_289,3221,289
3222_289,3222,289
3223_290,3223,290
3224_290,3224,290
3225_290,3225,290
3226_290,3226,290
3227_290,3227,290
3228_291,3228,291
3229_291,3229,291
3230_291,3230,291
3231_291,3231,291
3232_291,3232,291
3233_291,3233,291
3234_292,3234,292
3235_293,3235,293
3236_293,3236,293
3237_293,3237,293
3238_293,3238,293
3239_293,3239,293
3240_293,3240,293
3241_293,3241,293
3242_293,3242,293
3243_293,3243,293
3244_293,3244,293
3245_293,3245,293
3246_293,3246,293
3247_293,3247,293
3248_293,3248,293
3249_293,3249,293
3250_293,3250,293
3251_293,3251,293
3252_293,3252,293
3253_294,3253,294
3254_294,3254,294
3255_294,3255,294
3256_294,3256,294
3257_294,3257,294
3258_294,3258,294
3259_294,3259,294
3260_294,3260,294
3261_294,3261,294
3262_294,3262,294
3263_294,3263,294
3264_294,3264,294
3265_294,3265,294
3266_294,3266,294
3267_295,3267,295
3268_295,3268,295
3269_295,3269,295
3270_295,3270,295
3271_295,3271,295
3272_295,3272,295
3273_295,3273,295
3274_295,3274,295
3275_296,3275,296
3276_296,3276,296
3277_296,3277,296
3278_296,3278,296
3279_296,3279,296
3280_296,3280,296
3281_296,3281,296
3282_296,3282,296
3283_296,3283,296
3284_296,3284,296
3285_296,3285,296
3286_296,3286,296
3287_296,3287,296
3288_296,3288,296
3289_296,3289,296
3290_296,3290,296
3291_296,3291,296
3292_296,3292,296
3293_296,3293,296
3294_296,3294,296
3295_296,3295,296
3296_296,3296,296
3297_296,3297,296
3298_296,3298,296
3299_297,3299,297
3300_297,3300,297
3301_297,3301,297
3302_297,3302,297
3303_298,3303,298
3304_298,3304,298
3305_298,3305,298
3306_298,3306,298
3307_298,3307,298
3308_298,3308,298
3309_298,3309,298
3310_298,3310,298
3311_298,3311,298
3312_298,3312,298
3313_299,3313,299
3314_299,3314,299
3315_299,3315,299
3316_299,3316,299
3317_299,3317,299
3318_300,3318,300
3319_300,3319,300
3320_300,3320,300
3321_300,3321,300
3322_300,3322,300
3323_300,3323,300
3324_300,3324,300
3325_301,3325,301
3326_301,3326,301
3327_301,3327,301
3328_301,3328,301
3329_301,3329,301
3330_301,3330,301
3331_301,3331,301
3332_301,3332,301
3333_301,3333,301
3334_301,3334,301
3335_301,3335,301
3336_301,3336,301
3337_301,3337,301
3338_301,3338,301
3339_301,3339,301
3340_301,3340,301
3341_301,3341,301
3342_301,3342,301
3343_301,3343,301
3344_301,3344,301
3345_301,3345,301
3346_301,3346,301
3347_301,3347,301
3348_301,3348,301
3349_301,3349,301
3350_301,3350,301
3351_301,3351,301
3352_301,3352,301
3353_301,3353,301
3354_301,3354,301
3355_301,3355,301
3356_301,3356,301
3357_301,3357,301
3358_301,3358,301
3359_301,3359,301
3360_301,3360,301
3361_301,3361,301
3362_301,3362,301
3363_301,3363,301
3364_302,3364,302
3365_302,3365,302
3366_302,3366,302
3367_302,3367,302
3368_302,3368,302
3369_302,3369,302
3370_302,3370,302
3371_302,3371,302
3372_302,3372,302
3373_302,3373,302
3374_302,3374,302
3375_302,3375,302
3376_302,3376,302
3377_302,3377,302
3378_302,3378,302
3379_302,3379,302
3380_302,3380,302
3381_302,3381,302
3382_302,3382,302
3383_302,3383,302
3384_302,3384,302
3385_302,3385,302
3386_302,3386,302
3387_302,3387,302
3388_302,3388,302
3389_302,3389,302
3390_302,3390,302
3391_302,3391,302
3392_302,3392,302
3393_302,3393,302
3394_303,3394,303
3395_303,3395,303
3396_303,3396,303
3397_303,3397,303
3398_303,3398,303
3399_303,3399,303
3400_303,3400,303
3401_303,3401,303
3402_303,3402,303
3403_303,3403,303
3404_303,3404,303
3405_303,3405,303
3406_303,3406,303
3407_303,3407,303
3408_303,3408,303
3409_303,3409,303
3410_303,3410,303
3411_303,3411,303
3412_303,3412,303
3413_303,3413,303
3414_303,3414,303
3415_303,3415,303
3416_303,3416,303
3417_303,3417,303
3418_303,3418,303
3419_303,3419,303
3420_303,3420,303
3421_303,3421,303
3422_303,3422,303
3423_303,3423,303
3424_303,3424,303
3425_303,3425,303
3426_303,3426,303
3427_303,3427,303
3428_303,3428,303
3429_303,3429,303
3430_303,3430,303
3431_303,3431,303
3432_303,3432,303
3433_303,3433,303
3434_303,3434,303
3435_303,3435,303
3436_304,3436,304
3437_304,3437,304
3438_304,3438,304
3439_304,3439,304
3440_304,3440,304
3441_304,3441,304
3442_304,3442,304
3443_304,3443,304
3444_304,3444,304
3445_304,3445,304
3446_304,3446,304
3447_304,3447,304
3448_304,3448,304
3449_304,3449,304
3450_304,3450,304
3451_304,3451,304
3452_304,3452,304
3453_304,3453,304
3454_304,3454,304
3455_304,3455,304
3456_304,3456,304
3457_304,3457,304
3458_304,3458,304
3459_304,3459,304
3460_304,3460,304
3461_304,3461,304
3462_304,3462,304
3463_304,3463,304
3464_304,3464,304
3465_304,3465,304
3466_304,3466,304
3467_304,3467,304
3468_304,3468,304
3469_305,3469,305
3470_305,3470,305
3471_305,3471,305
3472_305,3472,305
3473_305,3473,305
3474_305,3474,305
3475_305,3475,305
3476_305,3476,305
3477_305,3477,305
3478_305,3478,305
3479_306,3479,306
3480_306,3480,306
3481_306,3481,306
3482_306,3482,306
3483_306,3483,306
3484_306,3484,306
3485_306,3485,306
3486_306,3486,306
3487_306,3487,306
3488_306,3488,306
3489_307,3489,307
3490_307,3490,307
3491_308,3491,308
3492_308,3492,308
3493_308,3493,308
3494_308,3494,308
3495_308,3495,308
3496_309,3496,309
3497_309,3497,309
3498_309,3498,309
3499_309,3499,309
3500_309,3500,309
3501_310,3501,310
3502_310,3502,310
3503_311,3503,311
3504_311,3504,311
3505_311,3505,311
3506_311,3506,311
3507_311,3507,311
3508_311,3508,311
3509_311,3509,311
3510_311,3510,311
3511_311,3511,311
3512_311,3512,311
3513_311,3513,311
3514_311,3514,311
3515_311,3515,311
3516_311,3516,311
3517_311,3517,311
3518_311,3518,311
3519_311,3519,311
3520_311,3520,311
3521_311,3521,311
3522_311,3522,311
3523_312,3523,312
3524_312,3524,312
3525_312,3525,312
3526_312,3526,312
3527_312,3527,312
3528_312,3528,312
3529_313,3529,313
3530_313,3530,313
3531_313,3531,313
3532_313,3532,313
3533_313,3533,313
3534_313,3534,313
3535_314,3535,314
3536_315,3536,315
3537_315,3537,315
3538_315,3538,315
3539_315,3539,315
3540_315,3540,315
3541_316,3541,316
3542_316,3542,316
3543_316,3543,316
3544_316,3544,316
3545_316,3545,316
3546_316,3546,316
3547_316,3547,316
3548_316,3548,316
3549_316,3549,316
3550_316,3550,316
3551_317,3551,317
3552_317,3552,317
3553_317,3553,317
3554_318,3554,318
3555_318,3555,318
3556_318,3556,318
3557_318,3557,318
3558_318,3558,318
3559_318,3559,318
3560_318,3560,318
3561_318,3561,318
3562_318,3562,318
3563_318,3563,318
3564_318,3564,318
3565_318,3565,318
3566_318,3566,318
3567_318,3567,318
3568_318,3568,318
3569_318,3569,318
3570_319,3570,319
3571_319,3571,319
3572_319,3572,319
3573_319,3573,319
3574_319,3574,319
3575_319,3575,319
3576_319,3576,319
3577_319,3577,319
3578_319,3578,319
3579_319,3579,319
3580_319,3580,319
3581_319,3581,319
3582_319,3582,319
3583_319,3583,319
3584_319,3584,319
3585_319,3585,319
3586_319,3586,319
3587_320,3587,320
3588_320,3588,320
3589_321,3589,321
3590_321,3590,321
3591_321,3591,321
3592_321,3592,321
3593_321,3593,321
3594_321,3594,321
3595_321,3595,321
3596_321,3596,321
3597_321,3597,321
3598_321,3598,321
3599_322,3599,322
3600_322,3600,322
3601_322,3601,322
3602_322,3602,322
3603_322,3603,322
3604_322,3604,322
3605_322,3605,322
3606_322,3606,322
3607_322,3607,322
3608_322,3608,322
3609_323,3609,323
3610_323,3610,323
3611_323,3611,323
3612_323,3612,323
3613_323,3613,323
3614_324,3614,324
3615_324,3615,324
3616_324,3616,324
3617_324,3617,324
3618_324,3618,324
3619_324,3619,324
3620_324,3620,324
3621_324,3621,324
3622_325,3622,325
3623_325,3623,325
3624_325,3624,325
3625_325,3625,325
3626_325,3626,325
3627_326,3627,326
3628_326,3628,326
3629_326,3629,326
3630_326,3630,326
3631_326,3631,326
3632_326,3632,326
3633_326,3633,326
3634_327,3634,327
3635_327,3635,327
3636_327,3636,327
3637_327,3637,327
3638_327,3638,327
3639_327,3639,327
3640_327,3640,327
3641_327,3641,327
3642_327,3642,327
3643_327,3643,327
3644_328,3644,328
3645_328,3645,328
3646_328,3646,328
3647_328,3647,328
3648_328,3648,328
3649_328,3649,328
3650_328,3650,328
3651_328,3651,328
3652_328,3652,328
3653_328,3653,328
3654_329,3654,329
3655_329,3655,329
3656_329,3656,329
3657_329,3657,329
3658_329,3658,329
3659_329,3659,329
3660_329,3660,329
3661_329,3661,329
3662_329,3662,329
3663_329,3663,329
3664_330,3664,330
3665_330,3665,330
3666_331,3666,331
3667_331,3667,331
3668_331,3668,331
3669_331,3669,331
3670_331,3670,331
3671_332,3671,332
3672_332,3672,332
3673_332,3673,332
3674_332,3674,332
3675_332,3675,332
3676_332,3676,332
3677_332,3677,332
3678_332,3678,332
3679_332,3679,332
3680_332,3680,332
3681_332,3681,332
3682_332,3682,332
3683_332,3683,332
3684_332,3684,332
3685_332,3685,332
3686_332,3686,332
3687_332,3687,332
3688_332,3688,332
3689_332,3689,332
3690_332,3690,332
3691_332,3691,332
3692_332,3692,332
3693_333,3693,333
3694_333,3694,333
3695_334,3695,334
3696_334,3696,334
3697_334,3697,334
3698_334,3698,334
3699_334,3699,334
3700_334,3700,334
3701_334,3701,334
3702_334,3702,334
3703_334,3703,334
3704_334,3704,334
3705_334,3705,334
3706_334,3706,334
3707_335,3707,335
3708_335,3708,335
3709_335,3709,335
3710_335,3710,335
3711_335,3711,335
3712_335,3712,335
3713_335,3713,335
3714_335,3714,335
3715_336,3715,336
3716_336,3716,336
3717_336,3717,336
3718_336,3718,336
3719_336,3719,336
3720_336,3720,336
3721_336,3721,336
3722_336,3722,336
3723_336,3723,336
3724_336,3724,336
3725_336,3725,336
3726_336,3726,336
3727_336,3727,336
3728_336,3728,336
3729_336,3729,336
3730_336,3730,336
3731_337,3731,337
3732_337,3732,337
3733_337,3733,337
3734_337,3734,337
3735_337,3735,337
3736_337,3736,337
3737_337,3737,337
3738_337,3738,337
3739_337,3739,337
3740_338,3740,338
3741_338,3741,338
3742_338,3742,338
3743_338,3743,338
3744_338,3744,338
3745_338,3745,338
3746_338,3746,338
3747_338,3747,338
3748_338,3748,338
3749_338,3749,338
3750_339,3750,339
3751_339,3751,339
3752_339,3752,339
3753_340,3753,340
3754_340,3754,340
3755_340,3755,340
3756_340,3756,340
3757_340,3757,340
3758_340,3758,340
3759_340,3759,340
3760_340,3760,340
3761_340,3761,340
3762_340,3762,340
3763_340,3763,340
3764_340,3764,340
3765_340,3765,340
3766_340,3766,340
3767_340,3767,340
3768_341,3768,341
3769_341,3769,341
3770_341,3770,341
3771_341,3771,341
3772_341,3772,341
3773_342,3773,342
3774_342,3774,342
3775_342,3775,342
3776_343,3776,343
3777_343,3777,343
3778_344,3778,344
3779_344,3779,344
3780_344,3780,344
3781_344,3781,344
3782_344,3782,344
3783_344,3783,344
3784_344,3784,344
3785_344,3785,344
3786_344,3786,344
3787_344,3787,344
3788_345,3788,345
3789_345,3789,345
3790_345,3790,345
3791_345,3791,345
3792_345,3792,345
3793_345,3793,345
3794_345,3794,345
3795_345,3795,345
3796_345,3796,345
3797_345,3797,345
3798_345,3798,345
3799_346,3799,346
3800_346,3800,346
3801_346,3801,346
3802_347,3802,347
3803_347,3803,347
3804_347,3804,347
3805_347,3805,347
3806_347,3806,347
3807_347,3807,347
3808_347,3808,347
3809_347,3809,347
3810_347,3810,347
3811_347,3811,347
3812_347,3812,347
3813_347,3813,347
3814_348,3814,348
3815_348,3815,348
3816_348,3816,348
3817_348,3817,348
3818_348,3818,348
3819_348,3819,348
3820_348,3820,348
3821_348,3821,348
3822_348,3822,348
3823_348,3823,348
3824_349,3824,349
3825_349,3825,349
3826_349,3826,349
3827_349,3827,349
3828_349,3828,349
3829_350,3829,350
3830_350,3830,350
3831_350,3831,350
3832_350,3832,350
3833_351,3833,351
3834_351,3834,351
3835_351,3835,351
3836_352,3836,352
3837_352,3837,352
3838_352,3838,352
3839_352,3839,352
3840_352,3840,352
3841_352,3841,352
3842_352,3842,352
3843_352,3843,352
3844_352,3844,352
3845_352,3845,352
3846_352,3846,352
3847_352,3847,352
3848_352,3848,352
3849_352,3849,352
3850_352,3850,352
3851_352,3851,352
3852_352,3852,352
3853_352,3853,352
3854_352,3854,352
3855_352,3855,352
3856_352,3856,352
3857_352,3857,352
3858_352,3858,352
3859_352,3859,352
3860_352,3860,352
3861_352,3861,352
3862_352,3862,352
3863_352,3863,352
3864_352,3864,352
3865_352,3865,352
3866_352,3866,352
3867_352,3867,352
3868_352,3868,352
3869_352,3869,352
3870_352,3870,352
3871_352,3871,352
3872_353,3872,353
3873_353,3873,353
3874_353,3874,353
3875_353,3875,353
3876_354,3876,354
3877_354,3877,354
3878_355,3878,355
3879_355,3879,355
3880_355,3880,355
3881_356,3881,356
3882_356,3882,356
3883_356,3883,356
3884_356,3884,356
3885_356,3885,356
3886_356,3886,356
3887_356,3887,356
3888_356,3888,356
3889_356,3889,356
3890_356,3890,356
3891_356,3891,356
3892_356,3892,356
3893_356,3893,356
3894_356,3894,356
3895_356,3895,356
3896_356,3896,356
3897_356,3897,356
3898_356,3898,356
3899_356,3899,356
3900_356,3900,356
3901_356,3901,356
3902_356,3902,356
3903_356,3903,356
3904_356,3904,356
3905_356,3905,356
3906_356,3906,356
3907_356,3907,356
3908_357,3908,357
3909_357,3909,357
3910_357,3910,357
3911_357,3911,357
3912_358,3912,358
3913_358,3913,358
3914_358,3914,358
3915_358,3915,358
3916_358,3916,358
3917_358,3917,358
3918_358,3918,358
3919_358,3919,358
3920_358,3920,358
3921_358,3921,358
3922_358,3922,358
3923_358,3923,358
3924_358,3924,358
3925_358,3925,358
3926_358,3926,358
3927_358,3927,358
3928_358,3928,358
3929_358,3929,358
3930_358,3930,358
3931_358,3931,358
3932_359,3932,359
3933_359,3933,359
3934_359,3934,359
3935_359,3935,359
3936_359,3936,359
3937_359,3937,359
3938_359,3938,359
3939_359,3939,359
3940_359,3940,359
3941_359,3941,359
3942_360,3942,360
3943_360,3943,360
3944_360,3944,360
3945_360,3945,360
3946_360,3946,360
3947_360,3947,360
3948_360,3948,360
3949_361,3949,361
3950_361,3950,361
3951_361,3951,361
3952_361,3952,361
3953_361,3953,361
3954_361,3954,361
3955_361,3955,361
3956_362,3956,362
3957_362,3957,362
3958_362,3958,362
3959_362,3959,362
3960_362,3960,362
3961_362,3961,362
3962_363,3962,363
3963_363,3963,363
3964_363,3964,363
3965_363,3965,363
3966_363,3966,363
3967_363,3967,363
3968_363,3968,363
3969_363,3969,363
3970_363,3970,363
3971_363,3971,363
3972_363,3972,363
3973_363,3973,363
3974_363,3974,363
3975_363,3975,363
3976_363,3976,363
3977_363,3977,363
3978_364,3978,364
3979_364,3979,364
3980_364,3980,364
3981_364,3981,364
3982_364,3982,364
3983_364,3983,364
3984_364,3984,364
3985_364,3985,364
3986_364,3986,364
3987_364,3987,364
3988_364,3988,364
3989_364,3989,364
3990_364,3990,364
3991_364,3991,364
3992_364,3992,364
3993_364,3993,364
3994_364,3994,364
3995_364,3995,364
3996_364,3996,364
3997_364,3997,364
3998_364,3998,364
3999_365,3999,365
4000_365,4000,365
4001_365,4001,365
4002_365,4002,365
4003_365,4003,365
4004_365,4004,365
4005_365,4005,365
4006_365,4006,365
4007_365,4007,365
4008_365,4008,365
4009_365,4009,365
4010_365,4010,365
4011_366,4011,366
4012_366,4012,366
4013_366,4013,366
4014_366,4014,366
4015_366,4015,366
4016_366,4016,366
4017_366,4017,366
4018_366,4018,366
4019_366,4019,366
4020_366,4020,366
4021_366,4021,366
4022_366,4022,366
4023_366,4023,366
4024_366,4024,366
4025_366,4025,366
4026_366,4026,366
4027_366,4027,366
4028_366,4028,366
4029_366,4029,366
4030_366,4030,366
4031_366,4031,366
4032_366,4032,366
4033_366,4033,366
4034_366,4034,366
4035_367,4035,367
4036_367,4036,367
4037_367,4037,367
4038_367,4038,367
4039_368,4039,368
4040_368,4040,368
4041_368,4041,368
4042_368,4042,368
4043_368,4043,368
4044_368,4044,368
4045_368,4045,368
4046_368,4046,368
4047_369,4047,369
4048_369,4048,369
4049_369,4049,369
4050_369,4050,369
4051_369,4051,369
4052_369,4052,369
4053_369,4053,369
4054_369,4054,369
4055_370,4055,370
4056_370,4056,370
4057_370,4057,370
4058_370,4058,370
4059_370,4059,370
4060_370,4060,370
4061_370,4061,370
4062_371,4062,371
4063_371,4063,371
4064_371,4064,371
4065_371,4065,371
4066_371,4066,371
4067_371,4067,371
4068_371,4068,371
4069_372,4069,372
4070_372,4070,372
4071_372,4071,372
4072_372,4072,372
4073_372,4073,372
4074_372,4074,372
4075_372,4075,372
4076_372,4076,372
4077_372,4077,372
4078_372,4078,372
4079_372,4079,372
4080_372,4080,372
4081_372,4081,372
4082_372,4082,372
4083_372,4083,372
4084_372,4084,372
4085_372,4085,372
4086_372,4086,372
4087_372,4087,372
4088_373,4088,373
4089_373,4089,373
4090_373,4090,373
4091_373,4091,373
4092_373,4092,373
4093_373,4093,373
4094_374,4094,374
4095_374,4095,374
4096_374,4096,374
4097_374,4097,374
4098_374,4098,374
4099_374,4099,374
4100_374,4100,374
4101_374,4101,374
4102_374,4102,374
4103_374,4103,374
4104_374,4104,374
4105_374,4105,374
4106_374,4106,374
4107_375,4107,375
4108_375,4108,375
4109_375,4109,375
4110_375,4110,375
4111_375,4111,375
4112_376,4112,376
4113_376,4113,376
4114_376,4114,376
4115_376,4115,376
4116_376,4116,376
4117_376,4117,376
4118_376,4118,376
4119_376,4119,376
4120_376,4120,376
4121_376,4121,376
4122_376,4122,376
4123_377,4123,377
4124_377,4124,377
4125_377,4125,377
4126_377,4126,377
4127_377,4127,377
4128_377,4128,377
4129_377,4129,377
4130_378,4130,378
4131_378,4131,378
4132_378,4132,378
4133_378,4133,378
4134_378,4134,378
4135_378,4135,378
4136_378,4136,378
4137_378,4137,378
4138_378,4138,378
4139_378,4139,378
4140_378,4140,378
4141_379,4141,379
4142_379,4142,379
4143_380,4143,380
4144_380,4144,380
4145_380,4145,380
4146_380,4146,380
4147_380,4147,380
4148_380,4148,380
4149_380,4149,380
4150_381,4150,381
4151_381,4151,381
4152_381,4152,381
4153_381,4153,381
4154_381,4154,381
4155_381,4155,381
4156_381,4156,381
4157_381,4157,381
4158_381,4158,381
4159_381,4159,381
4160_381,4160,381
4161_381,4161,381
4162_381,4162,381
4163_381,4163,381
4164_382,4164,382
4165_382,4165,382
4166_382,4166,382
4167_382,4167,382
4168_382,4168,382
4169_382,4169,382
4170_382,4170,382
4171_382,4171,382
4172_382,4172,382
4173_382,4173,382
4174_382,4174,382
4175_382,4175,382
4176_382,4176,382
4177_382,4177,382
4178_382,4178,382
4179_382,4179,382
4180_382,4180,382
4181_382,4181,382
4182_382,4182,382
4183_382,4183,382
4184_382,4184,382
4185_382,4185,382
4186_382,4186,382
4187_382,4187,382
4188_382,4188,382
4189_382,4189,382
4190_382,4190,382
4191_382,4191,382
4192_382,4192,382
4193_382,4193,382
4194_383,4194,383
4195_383,4195,383
4196_383,4196,383
4197_383,4197,383
4198_383,4198,383
4199_383,4199,383
4200_383,4200,383
4201_383,4201,383
4202_383,4202,383
4203_383,4203,383
4204_383,4204,383
4205_383,4205,383
4206_383,4206,383
4207_383,4207,383
4208_383,4208,383
4209_383,4209,383
4210_383,4210,383
4211_383,4211,383
4212_383,4212,383
4213_383,4213,383
4214_383,4214,383
4215_384,4215,384
4216_384,4216,384
4217_384,4217,384
4218_384,4218,384
4219_384,4219,384
4220_384,4220,384
4221_384,4221,384
4222_384,4222,384
4223_384,4223,384
4224_384,4224,384
4225_384,4225,384
4226_384,4226,384
4227_385,4227,385
4228_385,4228,385
4229_385,4229,385
4230_385,4230,385
4231_385,4231,385
4232_385,4232,385
4233_385,4233,385
4234_385,4234,385
4235_385,4235,385
4236_385,4236,385
4237_385,4237,385
4238_385,4238,385
4239_385,4239,385
4240_385,4240,385
4241_385,4241,385
4242_385,4242,385
4243_385,4243,385
4244_385,4244,385
4245_385,4245,385
4246_385,4246,385
4247_385,4247,385
4248_385,4248,385
4249_385,4249,385
4250_385,4250,385
4251_385,4251,385
4252_385,4252,385
4253_385,4253,385
4254_385,4254,385
4255_385,4255,385
4256_385,4256,385
4257_385,4257,385
4258_385,4258,385
4259_385,4259,385
4260_385,4260,385
4261_385,4261,385
4262_385,4262,385
4263_386,4263,386
4264_386,4264,386
4265_386,4265,386
4266_386,4266,386
4267_386,4267,386
4268_386,4268,386
4269_386,4269,386
4270_386,4270,386
4271_386,4271,386
4272_386,4272,386
4273_386,4273,386
4274_387,4274,387
4275_387,4275,387
4276_387,4276,387
4277_387,4277,387
4278_387,4278,387
4279_387,4279,387
4280_388,4280,388
4281_388,4281,388
4282_388,4282,388
4283_388,4283,388
4284_388,4284,388
4285_388,4285,388
4286_388,4286,388
4287_388,4287,388
4288_389,4288,389
4289_389,4289,389
4290_390,4290,390
4291_390,4291,390
4292_390,4292,390
4293_390,4293,390
4294_390,4294,390
4295_390,4295,390
4296_391,4296,391
4297_391,4297,391
4298_391,4298,391
4299_391,4299,391
4300_391,4300,391
4301_391,4301,391
4302_391,4302,391
4303_391,4303,391
4304_391,4304,391
4305_391,4305,391
4306_391,4306,391
4307_391,4307,391
4308_391,4308,391
4309_391,4309,391
4310_391,4310,391
4311_391,4311,391
4312_391,4312,391
4313_391,4313,391
4314_391,4314,391
4315_391,4315,391
4316_391,4316,391
4317_391,4317,391
4318_391,4318,391
4319_391,4319,391
4320_391,4320,391
4321_391,4321,391
4322_391,4322,391
4323_391,4323,391
4324_391,4324,391
4325_391,4325,391
4326_391,4326,391
4327_391,4327,391
4328_391,4328,391
4329_391,4329,391
4330_391,4330,391
4331_391,4331,391
4332_391,4332,391
4333_391,4333,391
4334_392,4334,392
4335_392,4335,392
4336_392,4336,392
4337_392,4337,392
4338_392,4338,392
4339_392,4339,392
4340_392,4340,392
4341_392,4341,392
4342_392,4342,392
4343_392,4343,392
4344_392,4344,392
4345_392,4345,392
4346_392,4346,392
4347_392,4347,392
4348_392,4348,392
4349_392,4349,392
4350_392,4350,392
4351_392,4351,392
4352_392,4352,392
4353_392,4353,392
4354_392,4354,392
4355_392,4355,392
4356_393,4356,393
4357_393,4357,393
4358_393,4358,393
4359_393,4359,393
4360_393,4360,393
4361_393,4361,393
4362_393,4362,393
4363_393,4363,393
4364_393,4364,393
4365_393,4365,393
4366_393,4366,393
4367_393,4367,393
4368_393,4368,393
4369_393,4369,393
4370_393,4370,393
4371_393,4371,393
4372_394,4372,394
4373_394,4373,394
4374_394,4374,394
4375_394,4375,394
4376_394,4376,394
4377_394,4377,394
4378_394,4378,394
4379_394,4379,394
4380_394,4380,394
4381_394,4381,394
4382_394,4382,394
4383_394,4383,394
4384_395,4384,395
4385_395,4385,395
4386_395,4386,395
4387_395,4387,395
4388_395,4388,395
4389_395,4389,395
4390_395,4390,395
4391_395,4391,395
4392_395,4392,395
4393_396,4393,396
4394_396,4394,396
4395_396,4395,396
4396_396,4396,396
4397_396,4397,396
4398_396,4398,396
4399_396,4399,396
4400_396,4400,396
4401_396,4401,396
4402_396,4402,396
4403_396,4403,396
4404_396,4404,396
4405_397,4405,397
4406_397,4406,397
4407_397,4407,397
4408_397,4408,397
4409_397,4409,397
4410_397,4410,397
4411_397,4411,397
4412_397,4412,397
4413_398,4413,398
4414_398,4414,398
4415_398,4415,398
4416_399,4416,399
4417_399,4417,399
4418_399,4418,399
4419_399,4419,399
4420_399,4420,399
4421_399,4421,399
4422_399,4422,399
4423_399,4423,399
4424_399,4424,399
4425_399,4425,399
4426_399,4426,399
4427_399,4427,399
4428_399,4428,399
4429_400,4429,400
4430_400,4430,400
4431_400,4431,400
4432_400,4432,400
4433_400,4433,400
4434_400,4434,400
4435_400,4435,400
4436_400,4436,400
4437_401,4437,401
4438_401,4438,401
4439_401,4439,401
4440_401,4440,401
4441_401,4441,401
4442_401,4442,401
4443_401,4443,401
4444_401,4444,401
4445_402,4445,402
4446_402,4446,402
4447_402,4447,402
4448_402,4448,402
4449_402,4449,402
4450_402,4450,402
4451_402,4451,402
4452_402,4452,402
4453_402,4453,402
4454_402,4454,402
4455_403,4455,403
4456_403,4456,403
4457_404,4457,404
4458_404,4458,404
4459_404,4459,404
4460_404,4460,404
4461_404,4461,404
4462_404,4462,404
4463_404,4463,404
4464_404,4464,404
4465_404,4465,404
4466_404,4466,404
4467_404,4467,404
4468_404,4468,404
4469_404,4469,404
4470_404,4470,404
4471_404,4471,404
4472_404,4472,404
4473_404,4473,404
4474_404,4474,404
4475_404,4475,404
4476_404,4476,404
4477_404,4477,404
4478_404,4478,404
4479_404,4479,404
4480_404,4480,404
4481_404,4481,404
4482_404,4482,404
4483_404,4483,404
4484_404,4484,404
4485_404,4485,404
4486_404,4486,404
4487_404,4487,404
4488_404,4488,404
4489_404,4489,404
4490_404,4490,404
4491_404,4491,404
4492_404,4492,404
4493_404,4493,404
4494_404,4494,404
4495_404,4495,404
4496_404,4496,404
4497_404,4497,404
4498_404,4498,404
4499_404,4499,404
4500_404,4500,404
4501_404,4501,404
4502_404,4502,404
4503_404,4503,404
4504_404,4504,404
4505_404,4505,404
4506_404,4506,404
4507_404,4507,404
4508_404,4508,404
4509_404,4509,404
4510_404,4510,404
4511_404,4511,404
4512_404,4512,404
4513_404,4513,404
4514_404,4514,404
4515_404,4515,404
4516_404,4516,404
4517_404,4517,404
4518_404,4518,404
4519_404,4519,404
4520_404,4520,404
4521_404,4521,404
4522_404,4522,404
4523_404,4523,404
4524_404,4524,404
4525_404,4525,404
4526_404,4526,404
4527_404,4527,404
4528_404,4528,404
4529_404,4529,404
4530_404,4530,404
4531_404,4531,404
4532_404,4532,404
4533_404,4533,404
4534_404,4534,404
4535_404,4535,404
4536_404,4536,404
4537_404,4537,404
4538_404,4538,404
4539_404,4539,404
4540_404,4540,404
4541_404,4541,404
4542_404,4542,404
4543_404,4543,404
4544_404,4544,404
4545_404,4545,404
4546_404,4546,404
4547_404,4547,404
4548_404,4548,404
4549_404,4549,404
4550_404,4550,404
4551_404,4551,404
4552_404,4552,404
4553_404,4553,404
4554_404,4554,404
4555_404,4555,404
4556_404,4556,404
4557_404,4557,404
4558_404,4558,404
4559_404,4559,404
4560_404,4560,404
4561_404,4561,404
4562_405,4562,405
4563_405,4563,405
4564_405,4564,405
4565_405,4565,405
4566_405,4566,405
4567_405,4567,405
4568_405,4568,405
4569_405,4569,405
4570_405,4570,405
4571_405,4571,405
4572_405,4572,405
4573_406,4573,406
4574_406,4574,406
4575_406,4575,406
4576_406,4576,406
4577_406,4577,406
4578_406,4578,406
4579_406,4579,406
4580_406,4580,406
4581_406,4581,406
4582_406,4582,406
4583_406,4583,406
4584_406,4584,406
4585_407,4585,407
4586_407,4586,407
4587_408,4587,408
4588_408,4588,408
4589_408,4589,408
4590_408,4590,408
4591_408,4591,408
4592_409,4592,409
4593_409,4593,409
4594_409,4594,409
4595_409,4595,409
4596_409,4596,409
4597_409,4597,409
4598_409,4598,409
4599_410,4599,410
4600_410,4600,410
4601_410,4601,410
4602_411,4602,411
4603_411,4603,411
4604_411,4604,411
4605_411,4605,411
4606_411,4606,411
4607_411,4607,411
4608_412,4608,412
4609_412,4609,412
4610_412,4610,412
4611_412,4611,412
4612_412,4612,412
4613_412,4613,412
4614_412,4614,412
4615_412,4615,412
4616_412,4616,412
4617_412,4617,412
4618_412,4618,412
4619_412,4619,412
4620_412,4620,412
4621_412,4621,412
4622_413,4622,413
4623_413,4623,413
4624_413,4624,413
4625_413,4625,413
4626_413,4626,413
4627_413,4627,413
4628_413,4628,413
4629_413,4629,413
4630_413,4630,413
4631_413,4631,413
4632_413,4632,413
4633_413,4633,413
4634_413,4634,413
4635_413,4635,413
4636_413,4636,413
4637_413,4637,413
4638_413,4638,413
4639_413,4639,413
4640_413,4640,413
4641_413,4641,413
4642_413,4642,413
4643_413,4643,413
4644_413,4644,413
4645_413,4645,413
4646_413,4646,413
4647_413,4647,413
4648_413,4648,413
4649_413,4649,413
4650_413,4650,413
4651_413,4651,413
4652_413,4652,413
4653_413,4653,413
4654_413,4654,413
4655_413,4655,413
4656_413,4656,413
4657_413,4657,413
4658_415,4658,415
4659_415,4659,415
4660_415,4660,415
4661_415,4661,415
4662_415,4662,415
4663_415,4663,415
4664_415,4664,415
4665_416,4665,416
4666_416,4666,416
4667_416,4667,416
4668_416,4668,416
4669_416,4669,416
4670_416,4670,416
4671_416,4671,416
4672_416,4672,416
4673_416,4673,416
4674_416,4674,416
4675_416,4675,416
4676_416,4676,416
4677_416,4677,416
4678_416,4678,416
4679_416,4679,416
4680_416,4680,416
4681_416,4681,416
4682_416,4682,416
4683_416,4683,416
4684_416,4684,416
4685_416,4685,416
4686_417,4686,417
4687_417,4687,417
4688_417,4688,417
4689_418,4689,418
4690_418,4690,418
4691_419,4691,419
4692_419,4692,419
4693_419,4693,419
4694_419,4694,419
4695_419,4695,419
4696_420,4696,420
4697_420,4697,420
4698_420,4698,420
4699_420,4699,420
4700_420,4700,420
4701_420,4701,420
4702_420,4702,420
4703_420,4703,420
4704_420,4704,420
4705_420,4705,420
4706_420,4706,420
4707_420,4707,420
4708_421,4708,421
4709_421,4709,421
4710_421,4710,421
4711_421,4711,421
4712_421,4712,421
4713_422,4713,422
4714_422,4714,422
4715_422,4715,422
4716_422,4716,422
4717_422,4717,422
4718_422,4718,422
4719_422,4719,422
4720_422,4720,422
4721_422,4721,422
4722_422,4722,422
4723_422,4723,422
4724_422,4724,422
4725_422,4725,422
4726_422,4726,422
4727_422,4727,422
4728_422,4728,422
4729_422,4729,422
4730_422,4730,422
4731_423,4731,423
4732_423,4732,423
4733_423,4733,423
4734_424,4734,424
4735_424,4735,424
4736_424,4736,424
4737_424,4737,424
4738_425,4738,425
4739_425,4739,425
4740_425,4740,425
4741_425,4741,425
4742_425,4742,425
4743_425,4743,425
4744_426,4744,426
4745_426,4745,426
4746_426,4746,426
4747_427,4747,427
4748_427,4748,427
4749_428,4749,428
4750_429,4750,429
4751_429,4751,429
4752_429,4752,429
4753_429,4753,429
4754_429,4754,429
4755_429,4755,429
4756_429,4756,429
4757_429,4757,429
4758_429,4758,429
4759_429,4759,429
4760_429,4760,429
4761_429,4761,429
4762_430,4762,430
4763_430,4763,430
4764_430,4764,430
4765_430,4765,430
4766_430,4766,430
4767_430,4767,430
4768_430,4768,430
4769_430,4769,430
4770_430,4770,430
4771_430,4771,430
4772_430,4772,430
4773_430,4773,430
4774_430,4774,430
4775_430,4775,430
4776_430,4776,430
4777_430,4777,430
4778_430,4778,430
4779_430,4779,430
4780_430,4780,430
4781_430,4781,430
4782_430,4782,430
4783_431,4783,431
4784_431,4784,431
4785_431,4785,431
4786_431,4786,431
4787_431,4787,431
4788_431,4788,431
4789_431,4789,431
4790_431,4790,431
4791_431,4791,431
4792_431,4792,431
4793_431,4793,431
4794_431,4794,431
4795_431,4795,431
4796_431,4796,431
4797_432,4797,432
4798_432,4798,432
4799_432,4799,432
4800_432,4800,432
4801_432,4801,432
4802_432,4802,432
4803_432,4803,432
4804_432,4804,432
4805_432,4805,432
4806_432,4806,432
4807_432,4807,432
4808_432,4808,432
4809_432,4809,432
4810_432,4810,432
4811_432,4811,432
4812_433,4812,433
4813_433,4813,433
4814_433,4814,433
4815_433,4815,433
4816_433,4816,433
4817_434,4817,434
4818_434,4818,434
4819_434,4819,434
4820_434,4820,434
4821_434,4821,434
4822_434,4822,434
4823_434,4823,434
4824_434,4824,434
4825_434,4825,434
4826_434,4826,434
4827_434,4827,434
4828_434,4828,434
4829_434,4829,434
4830_434,4830,434
4831_435,4831,435
4832_435,4832,435
4833_435,4833,435
4834_435,4834,435
4835_435,4835,435
4836_435,4836,435
4837_435,4837,435
4838_435,4838,435
4839_435,4839,435
4840_435,4840,435
4841_435,4841,435
4842_435,4842,435
4843_435,4843,435
4844_435,4844,435
4845_435,4845,435
4846_435,4846,435
4847_435,4847,435
4848_435,4848,435
4849_435,4849,435
4850_436,4850,436
4851_436,4851,436
4852_436,4852,436
4853_436,4853,436
4854_436,4854,436
4855_437,4855,437
4856_437,4856,437
4857_437,4857,437
4858_437,4858,437
4859_438,4859,438
4860_438,4860,438
4861_438,4861,438
4862_438,4862,438
4863_438,4863,438
4864_438,4864,438
4865_438,4865,438
4866_438,4866,438
4867_438,4867,438
4868_438,4868,438
4869_438,4869,438
4870_438,4870,438
4871_438,4871,438
4872_438,4872,438
4873_438,4873,438
4874_438,4874,438
4875_438,4875,438
4876_438,4876,438
4877_438,4877,438
4878_439,4878,439
4879_439,4879,439
4880_439,4880,439
4881_439,4881,439
4882_439,4882,439
4883_439,4883,439
4884_439,4884,439
4885_440,4885,440
4886_440,4886,440
4887_440,4887,440
4888_440,4888,440
4889_440,4889,440
4890_440,4890,440
4891_440,4891,440
4892_440,4892,440
4893_440,4893,440
4894_441,4894,441
4895_441,4895,441
4896_442,4896,442
4897_442,4897,442
4898_442,4898,442
4899_442,4899,442
4900_442,4900,442
4901_442,4901,442
4902_442,4902,442
4903_442,4903,442
4904_442,4904,442
4905_443,4905,443
4906_443,4906,443
4907_444,4907,444
4908_444,4908,444
4909_444,4909,444
4910_444,4910,444
4911_444,4911,444
4912_444,4912,444
4913_444,4913,444
4914_445,4914,445
4915_446,4915,446
4916_446,4916,446
4917_446,4917,446
4918_446,4918,446
4919_446,4919,446
4920_446,4920,446
4921_446,4921,446
4922_446,4922,446
4923_446,4923,446
4924_446,4924,446
4925_446,4925,446
4926_446,4926,446
4927_446,4927,446
4928_446,4928,446
4929_446,4929,446
4930_446,4930,446
4931_447,4931,447
4932_448,4932,448
4933_448,4933,448
4934_448,4934,448
4935_448,4935,448
4936_448,4936,448
4937_448,4937,448
4938_448,4938,448
4939_448,4939,448
4940_448,4940,448
4941_448,4941,448
4942_448,4942,448
4943_448,4943,448
4944_448,4944,448
4945_449,4945,449
4946_449,4946,449
4947_449,4947,449
4948_449,4948,449
4949_449,4949,449
4950_450,4950,450
4951_450,4951,450
4952_451,4952,451
4953_451,4953,451
4954_451,4954,451
4955_451,4955,451
4956_451,4956,451
4957_451,4957,451
4958_451,4958,451
4959_451,4959,451
4960_451,4960,451
4961_451,4961,451
4962_451,4962,451
4963_451,4963,451
4964_451,4964,451
4965_451,4965,451
4966_451,4966,451
4967_451,4967,451
4968_451,4968,451
4969_451,4969,451
4970_452,4970,452
4971_452,4971,452
4972_452,4972,452
4973_452,4973,452
4974_452,4974,452
4975_452,4975,452
4976_452,4976,452
4977_453,4977,453
4978_453,4978,453
4979_453,4979,453
4980_453,4980,453
4981_453,4981,453
4982_453,4982,453
4983_453,4983,453
4984_454,4984,454
4985_454,4985,454
4986_454,4986,454
4987_454,4987,454
4988_454,4988,454
4989_454,4989,454
4990_454,4990,454
4991_454,4991,454
4992_455,4992,455
4993_455,4993,455
4994_455,4994,455
4995_455,4995,455
4996_455,4996,455
4997_455,4997,455
4998_455,4998,455
4999_455,4999,455
5000_455,5000,455
5001_455,5001,455
5002_455,5002,455
5003_455,5003,455
5004_455,5004,455
5005_455,5005,455
5006_456,5006,456
5007_456,5007,456
5008_456,5008,456
5009_456,5009,456
5010_456,5010,456
5011_456,5011,456
5012_456,5012,456
5013_456,5013,456
5014_456,5014,456
5015_456,5015,456
5016_457,5016,457
5017_457,5017,457
5018_457,5018,457
5019_457,5019,457
5020_457,5020,457
5021_457,5021,457
5022_457,5022,457
5023_457,5023,457
5024_457,5024,457
5025_457,5025,457
5026_457,5026,457
5027_457,5027,457
5028_457,5028,457
5029_457,5029,457
5030_457,5030,457
5031_458,5031,458
5032_458,5032,458
5033_459,5033,459
5034_459,5034,459
5035_459,5035,459
5036_459,5036,459
5037_459,5037,459
5038_459,5038,459
5039_459,5039,459
5040_459,5040,459
5041_459,5041,459
5042_459,5042,459
5043_459,5043,459
5044_459,5044,459
5045_459,5045,459
5046_459,5046,459
5047_459,5047,459
5048_460,5048,460
5049_460,5049,460
5050_460,5050,460
5051_460,5051,460
5052_460,5052,460
5053_460,5053,460
5054_460,5054,460
5055_460,5055,460
5056_460,5056,460
5057_460,5057,460
5058_461,5058,461
5059_461,5059,461
5060_461,5060,461
5061_461,5061,461
5062_461,5062,461
5063_461,5063,461
5064_461,5064,461
5065_461,5065,461
5066_461,5066,461
5067_461,5067,461
5068_461,5068,461
5069_461,5069,461
5070_461,5070,461
5071_461,5071,461
5072_461,5072,461
5073_461,5073,461
5074_461,5074,461
5075_461,5075,461
5076_461,5076,461
5077_461,5077,461
5078_461,5078,461
5079_461,5079,461
5080_461,5080,461
5081_461,5081,461
5082_461,5082,461
5083_461,5083,461
5084_461,5084,461
5085_461,5085,461
5086_461,5086,461
5087_461,5087,461
5088_461,5088,461
5089_461,5089,461
5090_461,5090,461
5091_461,5091,461
5092_461,5092,461
5093_461,5093,461
5094_461,5094,461
5095_461,5095,461
5096_461,5096,461
5097_461,5097,461
5098_461,5098,461
5099_461,5099,461
5100_461,5100,461
5101_461,5101,461
5102_461,5102,461
5103_461,5103,461
5104_461,5104,461
5105_461,5105,461
5106_461,5106,461
5107_461,5107,461
5108_461,5108,461
5109_461,5109,461
5110_461,5110,461
5111_461,5111,461
5112_461,5112,461
5113_461,5113,461
5114_461,5114,461
5115_461,5115,461
5116_461,5116,461
5117_461,5117,461
5118_461,5118,461
5119_461,5119,461
5120_461,5120,461
5121_461,5121,461
5122_461,5122,461
5123_462,5123,462
5124_462,5124,462
5125_462,5125,462
5126_462,5126,462
5127_462,5127,462
5128_462,5128,462
5129_462,5129,462
5130_462,5130,462
5131_462,5131,462
5132_462,5132,462
5133_462,5133,462
5134_462,5134,462
5135_462,5135,462
5136_462,5136,462
5137_462,5137,462
5138_462,5138,462
5139_462,5139,462
5140_462,5140,462
5141_462,5141,462
5142_462,5142,462
5143_462,5143,462
5144_462,5144,462
5145_462,5145,462
5146_462,5146,462
5147_462,5147,462
5148_462,5148,462
5149_463,5149,463
5150_463,5150,463
5151_463,5151,463
5152_463,5152,463
5153_463,5153,463
5154_463,5154,463
5155_464,5155,464
5156_464,5156,464
5157_464,5157,464
5158_465,5158,465
5159_465,5159,465
5160_465,5160,465
5161_465,5161,465
5162_465,5162,465
5163_465,5163,465
5164_465,5164,465
5165_465,5165,465
5166_465,5166,465
5167_465,5167,465
5168_465,5168,465
5169_465,5169,465
5170_465,5170,465
5171_465,5171,465
5172_465,5172,465
5173_465,5173,465
5174_465,5174,465
5175_465,5175,465
5176_465,5176,465
5177_465,5177,465
5178_466,5178,466
5179_466,5179,466
5180_466,5180,466
5181_466,5181,466
5182_466,5182,466
5183_466,5183,466
5184_466,5184,466
5185_466,5185,466
5186_466,5186,466
5187_466,5187,466
5188_466,5188,466
5189_466,5189,466
5190_466,5190,466
5191_466,5191,466
5192_466,5192,466
5193_466,5193,466
5194_466,5194,466
5195_466,5195,466
5196_466,5196,466
5197_466,5197,466
5198_466,5198,466
5199_467,5199,467
5200_467,5200,467
5201_467,5201,467
5202_467,5202,467
5203_468,5203,468
5204_468,5204,468
5205_468,5205,468
5206_468,5206,468
5207_468,5207,468
5208_468,5208,468
5209_468,5209,468
5210_468,5210,468
5211_468,5211,468
5212_468,5212,468
5213_468,5213,468
5214_468,5214,468
5215_468,5215,468
5216_468,5216,468
5217_468,5217,468
5218_468,5218,468
5219_468,5219,468
5220_468,5220,468
5221_468,5221,468
5222_468,5222,468
5223_468,5223,468
5224_468,5224,468
5225_468,5225,468
5226_468,5226,468
5227_469,5227,469
5228_469,5228,469
5229_469,5229,469
5230_469,5230,469
5231_469,5231,469
5232_469,5232,469
5233_469,5233,469
5234_469,5234,469
5235_470,5235,470
5236_470,5236,470
5237_470,5237,470
5238_470,5238,470
5239_471,5239,471
5240_471,5240,471
5241_471,5241,471
5242_471,5242,471
5243_471,5243,471
5244_471,5244,471
5245_471,5245,471
5246_471,5246,471
5247_471,5247,471
5248_471,5248,471
5249_471,5249,471
5250_472,5250,472
5251_472,5251,472
5252_472,5252,472
5253_472,5253,472
5254_472,5254,472
5255_472,5255,472
5256_472,5256,472
5257_472,5257,472
5258_472,5258,472
5259_473,5259,473
5260_473,5260,473
5261_473,5261,473
5262_473,5262,473
5263_473,5263,473
5264_473,5264,473
5265_473,5265,473
5266_473,5266,473
5267_473,5267,473
5268_473,5268,473
5269_473,5269,473
5270_473,5270,473
5271_473,5271,473
5272_473,5272,473
5273_473,5273,473
5274_473,5274,473
5275_473,5275,473
5276_473,5276,473
5277_473,5277,473
5278_473,5278,473
5279_473,5279,473
5280_474,5280,474
5281_474,5281,474
5282_474,5282,474
5283_474,5283,474
5284_474,5284,474
5285_474,5285,474
5286_474,5286,474
5287_474,5287,474
5288_474,5288,474
5289_474,5289,474
5290_474,5290,474
5291_474,5291,474
5292_476,5292,476
5293_476,5293,476
5294_477,5294,477
5295_477,5295,477
5296_477,5296,477
5297_477,5297,477
5298_477,5298,477
5299_477,5299,477
5300_477,5300,477
5301_477,5301,477
5302_477,5302,477
5303_477,5303,477
5304_477,5304,477
5305_477,5305,477
5306_477,5306,477
5307_478,5307,478
5308_478,5308,478
5309_478,5309,478
5310_478,5310,478
5311_478,5311,478
5312_479,5312,479
5313_479,5313,479
5314_479,5314,479
5315_479,5315,479
5316_480,5316,480
5317_480,5317,480
5318_480,5318,480
5319_480,5319,480
5320_480,5320,480
5321_480,5321,480
5322_481,5322,481
5323_481,5323,481
5324_481,5324,481
5325_481,5325,481
5326_481,5326,481
5327_481,5327,481
5328_481,5328,481
5329_481,5329,481
5330_481,5330,481
5331_481,5331,481
5332_482,5332,482
5333_482,5333,482
5334_482,5334,482
5335_482,5335,482
5336_482,5336,482
5337_482,5337,482
5338_482,5338,482
5339_482,5339,482
5340_482,5340,482
5341_482,5341,482
5342_482,5342,482
5343_482,5343,482
5344_482,5344,482
5345_482,5345,482
5346_482,5346,482
5347_482,5347,482
5348_482,5348,482
5349_482,5349,482
5350_482,5350,482
5351_482,5351,482
5352_482,5352,482
5353_482,5353,482
5354_482,5354,482
5355_482,5355,482
5356_482,5356,482
5357_482,5357,482
5358_482,5358,482
5359_482,5359,482
5360_483,5360,483
5361_483,5361,483
5362_483,5362,483
5363_484,5363,484
5364_484,5364,484
5365_484,5365,484
5366_484,5366,484
5367_484,5367,484
5368_484,5368,484
5369_484,5369,484
5370_484,5370,484
5371_484,5371,484
5372_485,5372,485
5373_485,5373,485
5374_485,5374,485
5375_485,5375,485
5376_485,5376,485
5377_486,5377,486
5378_486,5378,486
5379_486,5379,486
5380_486,5380,486
5381_486,5381,486
5382_486,5382,486
5383_486,5383,486
5384_486,5384,486
5385_486,5385,486
5386_486,5386,486
5387_486,5387,486
5388_486,5388,486
5389_486,5389,486
5390_486,5390,486
5391_486,5391,486
5392_486,5392,486
5393_486,5393,486
5394_486,5394,486
5395_486,5395,486
5396_486,5396,486
5397_486,5397,486
5398_486,5398,486
5399_486,5399,486
5400_486,5400,486
5401_486,5401,486
5402_486,5402,486
5403_486,5403,486
5404_486,5404,486
5405_486,5405,486
5406_486,5406,486
5407_486,5407,486
5408_486,5408,486
5409_486,5409,486
5410_486,5410,486
5411_486,5411,486
5412_486,5412,486
5413_486,5413,486
5414_486,5414,486
5415_486,5415,486
5416_486,5416,486
5417_486,5417,486
5418_486,5418,486
5419_486,5419,486
5420_486,5420,486
5421_486,5421,486
5422_486,5422,486
5423_486,5423,486
5424_486,5424,486
5425_486,5425,486
5426_486,5426,486
5427_486,5427,486
5428_486,5428,486
5429_486,5429,486
5430_486,5430,486
5431_486,5431,486
5432_486,5432,486
5433_486,5433,486
5434_486,5434,486
5435_486,5435,486
5436_486,5436,486
5437_486,5437,486
5438_486,5438,486
5439_486,5439,486
5440_486,5440,486
5441_486,5441,486
5442_486,5442,486
5443_486,5443,486
5444_486,5444,486
5445_486,5445,486
5446_486,5446,486
5447_486,5447,486
5448_486,5448,486
5449_486,5449,486
5450_486,5450,486
5451_486,5451,486
5452_486,5452,486
5453_486,5453,486
5454_486,5454,486
5455_486,5455,486
5456_486,5456,486
5457_486,5457,486
5458_486,5458,486
5459_486,5459,486
5460_486,5460,486
5461_487,5461,487
5462_487,5462,487
5463_487,5463,487
5464_487,5464,487
5465_487,5465,487
5466_487,5466,487
5467_487,5467,487
5468_488,5468,488
5469_488,5469,488
5470_488,5470,488
5471_488,5471,488
5472_488,5472,488
5473_488,5473,488
5474_488,5474,488
5475_488,5475,488
5476_488,5476,488
5477_488,5477,488
5478_488,5478,488
5479_488,5479,488
5480_488,5480,488
5481_488,5481,488
5482_488,5482,488
5483_488,5483,488
5484_488,5484,488
5485_488,5485,488
5486_488,5486,488
5487_488,5487,488
5488_488,5488,488
5489_488,5489,488
5490_488,5490,488
5491_488,5491,488
5492_488,5492,488
5493_488,5493,488
5494_488,5494,488
5495_488,5495,488
5496_488,5496,488
5497_488,5497,488
5498_488,5498,488
5499_488,5499,488
5500_488,5500,488
5501_488,5501,488
5502_488,5502,488
5503_488,5503,488
5504_488,5504,488
5505_488,5505,488
5506_488,5506,488
5507_488,5507,488
5508_488,5508,488
5509_488,5509,488
5510_488,5510,488
5511_488,5511,488
5512_488,5512,488
5513_488,5513,488
5514_488,5514,488
5515_488,5515,488
5516_488,5516,488
5517_488,5517,488
5518_488,5518,488
5519_488,5519,488
5520_488,5520,488
5521_488,5521,488
5522_489,5522,489
5523_489,5523,489
5524_489,5524,489
5525_489,5525,489
5526_489,5526,489
5527_489,5527,489
5528_489,5528,489
5529_489,5529,489
5530_489,5530,489
5531_489,5531,489
5532_490,5532,490
5533_490,5533,490
5534_490,5534,490
5535_490,5535,490
5536_490,5536,490
5537_490,5537,490
5538_490,5538,490
5539_490,5539,490
5540_490,5540,490
5541_490,5541,490
5542_491,5542,491
5543_491,5543,491
5544_491,5544,491
5545_491,5545,491
5546_491,5546,491
5547_491,5547,491
5548_491,5548,491
5549_491,5549,491
5550_491,5550,491
5551_491,5551,491
5552_491,5552,491
5553_491,5553,491
5554_491,5554,491
5555_492,5555,492
5556_492,5556,492
5557_492,5557,492
5558_492,5558,492
5559_493,5559,493
5560_493,5560,493
5561_493,5561,493
5562_493,5562,493
5563_494,5563,494
5564_494,5564,494
5565_494,5565,494
5566_494,5566,494
5567_494,5567,494
5568_494,5568,494
5569_494,5569,494
5570_494,5570,494
5571_494,5571,494
5572_494,5572,494
5573_494,5573,494
5574_494,5574,494
5575_494,5575,494
5576_494,5576,494
5577_494,5577,494
5578_494,5578,494
5579_494,5579,494
5580_494,5580,494
5581_494,5581,494
5582_494,5582,494
5583_494,5583,494
5584_494,5584,494
5585_494,5585,494
5586_494,5586,494
5587_494,5587,494
5588_494,5588,494
5589_494,5589,494
5590_494,5590,494
5591_494,5591,494
5592_494,5592,494
5593_494,5593,494
5594_494,5594,494
5595_494,5595,494
5596_494,5596,494
5597_494,5597,494
5598_494,5598,494
5599_494,5599,494
5600_494,5600,494
5601_494,5601,494
5602_494,5602,494
5603_494,5603,494
5604_494,5604,494
5605_494,5605,494
5606_494,5606,494
5607_494,5607,494
5608_494,5608,494
5609_494,5609,494
5610_494,5610,494
5611_494,5611,494
5612_494,5612,494
5613_494,5613,494
5614_494,5614,494
5615_494,5615,494
5616_494,5616,494
5617_494,5617,494
5618_494,5618,494
5619_494,5619,494
5620_494,5620,494
5621_494,5621,494
5622_494,5622,494
5623_495,5623,495
5624_495,5624,495
5625_495,5625,495
5626_495,5626,495
5627_495,5627,495
5628_495,5628,495
5629_495,5629,495
5630_495,5630,495
5631_495,5631,495
5632_495,5632,495
5633_495,5633,495
5634_495,5634,495
5635_495,5635,495
5636_495,5636,495
5637_495,5637,495
5638_495,5638,495
5639_496,5639,496
5640_496,5640,496
5641_496,5641,496
5642_496,5642,496
5643_496,5643,496
5644_496,5644,496
5645_496,5645,496
5646_496,5646,496
5647_496,5647,496
5648_496,5648,496
5649_496,5649,496
5650_496,5650,496
5651_496,5651,496
5652_497,5652,497
5653_497,5653,497
5654_497,5654,497
5655_497,5655,497
5656_498,5656,498
5657_498,5657,498
5658_499,5658,499
5659_499,5659,499
5660_499,5660,499
5661_499,5661,499
5662_499,5662,499
5663_499,5663,499
5664_500,5664,500
5665_500,5665,500
5666_500,5666,500
5667_500,5667,500
5668_500,5668,500
5669_500,5669,500
5670_500,5670,500
5671_500,5671,500
5672_500,5672,500
5673_500,5673,500
5674_500,5674,500
5675_500,5675,500
5676_500,5676,500
5677_500,5677,500
5678_500,5678,500
5679_500,5679,500
5680_500,5680,500
5681_500,5681,500
5682_500,5682,500
5683_500,5683,500
5684_500,5684,500
5685_500,5685,500
5686_500,5686,500
5687_500,5687,500
5688_500,5688,500
5689_500,5689,500
5690_500,5690,500
5691_500,5691,500
